{
  "success":true,
  "terms":"https:\/\/currencylayer.com\/terms",
  "privacy":"https:\/\/currencylayer.com\/privacy",
  "timestamp":1513715981,
  "source":"USD",
  "quotes":{
    "USDAED":3.671601,
    "USDAFN":69.260002,
    "USDALL":112.620003,
    "USDAMD":481.589996,
    "USDANG":1.780261,
    "USDAOA":165.098007,
    "USDARS":17.599001,
    "USDAUD":1.3043,
    "USDAWG":1.78,
    "USDAZN":1.699603,
    "USDBAM":1.653699,
    "USDBBD":2,
    "USDBDT":82.570185,
    "USDBGN":1.654301,
    "USDBHD":0.376802,
    "USDBIF":1750.97998,
    "USDBMD":1,
    "USDBND":1.3463,
    "USDBOB":6.859796,
    "USDBRL":3.289395,
    "USDBSD":1,
    "USDBTC":5.6e-5,
    "USDBTN":64.175003,
    "USDBWP":10.0453,
    "USDBYN":2.030091,
    "USDBYR":19600,
    "USDBZD":1.997803,
    "USDCAD":1.28765,
    "USDCDF":1565.496856,
    "USDCHF":0.98473,
    "USDCLF":0.02301,
    "USDCLP":622.499859,
    "USDCNY":6.6034,
    "USDCOP":2967,
    "USDCRC":561.919983,
    "USDCUC":1,
    "USDCUP":26.5,
    "USDCVE":93.099998,
    "USDCZK":21.658001,
    "USDDJF":177.970001,
    "USDDKK":6.28459,
    "USDDOP":48.160229,
    "USDDZD":115.119003,
    "USDEGP":17.749808,
    "USDERN":14.990262,
    "USDETB":27.190001,
    "USDEUR":0.84401,
    "USDFJD":2.075101,
    "USDFKP":0.747601,
    "USDGBP":0.74712,
    "USDGEL":2.537302,
    "USDGGP":0.747164,
    "USDGHS":4.520253,
    "USDGIP":0.747804,
    "USDGMD":47.169998,
    "USDGNF":8900.000565,
    "USDGTQ":7.336016,
    "USDGYD":201.710007,
    "USDHKD":7.815598,
    "USDHNL":23.493999,
    "USDHRK":6.364202,
    "USDHTG":62.269383,
    "USDHUF":264.079987,
    "USDIDR":13575,
    "USDILS":3.499396,
    "USDIMP":0.747164,
    "USDINR":64.050003,
    "USDIQD":1184,
    "USDIRR":35699.999602,
    "USDISK":105.300003,
    "USDJEP":0.747164,
    "USDJMD":124.069827,
    "USDJOD":0.707499,
    "USDJPY":112.849998,
    "USDKES":102.849998,
    "USDKGS":69.693001,
    "USDKHR":4029.000377,
    "USDKMF":410.999801,
    "USDKPW":900.000296,
    "USDKRW":1084.339966,
    "USDKWD":0.301969,
    "USDKYD":0.820204,
    "USDKZT":335.48999,
    "USDLAK":8297.000364,
    "USDLBP":1505.496472,
    "USDLKR":153.050003,
    "USDLRD":125.179767,
    "USDLSL":12.729735,
    "USDLTL":3.048702,
    "USDLVL":0.62055,
    "USDLYD":1.363903,
    "USDMAD":9.420503,
    "USDMDL":17.062988,
    "USDMGA":3225.000222,
    "USDMKD":51.709999,
    "USDMMK":1361.999819,
    "USDMNT":2416.000006,
    "USDMOP":8.049702,
    "USDMRO":351.000286,
    "USDMUR":33.900002,
    "USDMVR":15.569789,
    "USDMWK":713.502618,
    "USDMXN":19.212999,
    "USDMYR":4.079028,
    "USDMZN":58.450001,
    "USDNAD":12.691031,
    "USDNGN":355.999798,
    "USDNIO":30.741104,
    "USDNOK":8.35254,
    "USDNPR":102.508003,
    "USDNZD":1.430199,
    "USDOMR":0.384899,
    "USDPAB":1,
    "USDPEN":3.280501,
    "USDPGK":3.212898,
    "USDPHP":50.230133,
    "USDPKR":110.150002,
    "USDPLN":3.544895,
    "USDPYG":5625.999793,
    "USDQAR":3.659797,
    "USDRON":3.896102,
    "USDRSD":100.466003,
    "USDRUB":58.774202,
    "USDRWF":835.75,
    "USDSAR":3.749804,
    "USDSBD":7.7374,
    "USDSCR":13.733009,
    "USDSDG":6.998196,
    "USDSEK":8.40081,
    "USDSGD":1.34689,
    "USDSHP":0.747798,
    "USDSLL":7629.999841,
    "USDSOS":557.000078,
    "USDSRD":7.406766,
    "USDSTD":20685.599609,
    "USDSVC":8.750138,
    "USDSYP":514.97998,
    "USDSZL":12.709882,
    "USDTHB":32.680083,
    "USDTJS":8.822699,
    "USDTMT":3.41,
    "USDTND":2.477202,
    "USDTOP":2.295804,
    "USDTRY":3.832498,
    "USDTTD":6.735901,
    "USDTWD":29.965007,
    "USDTZS":2231.999933,
    "USDUAH":27.879999,
    "USDUGX":3596.999792,
    "USDUSD":1,
    "USDUYU":28.709999,
    "USDUZS":8099.999875,
    "USDVEF":9.974979,
    "USDVND":22712,
    "USDVUV":107.620003,
    "USDWST":2.567496,
    "USDXAF":553.359985,
    "USDXAG":0.061969,
    "USDXAU":0.000792,
    "USDXCD":2.698912,
    "USDXDR":0.707246,
    "USDXOF":573.650024,
    "USDXPF":101.550228,
    "USDYER":249.949997,
    "USDZAR":12.709802,
    "USDZMK":9001.1992,
    "USDZMW":9.779695,
    "USDZWL":322.355011
  }
}