{
  "success":true,
  "terms":"https:\/\/currencylayer.com\/terms",
  "privacy":"https:\/\/currencylayer.com\/privacy",
  "timestamp":1514494751,
  "source":"USD",
  "quotes":{
    "USDAED":3.672097,
    "USDAFN":69.709999,
    "USDALL":110.959999,
    "USDAMD":482.670013,
    "USDANG":1.779869,
    "USDAOA":165.098007,
    "USDARS":19.159006,
    "USDAUD":1.282797,
    "USDAWG":1.78,
    "USDAZN":1.699597,
    "USDBAM":1.639901,
    "USDBBD":2,
    "USDBDT":82.529999,
    "USDBGN":1.638901,
    "USDBHD":0.376802,
    "USDBIF":1752.380005,
    "USDBMD":1,
    "USDBND":1.341897,
    "USDBOB":6.859724,
    "USDBRL":3.312101,
    "USDBSD":1,
    "USDBTC":7.2e-5,
    "USDBTN":64.099998,
    "USDBWP":9.818197,
    "USDBYN":1.969776,
    "USDBYR":19600,
    "USDBZD":1.997802,
    "USDCAD":1.257111,
    "USDCDF":1565.494007,
    "USDCHF":0.97901,
    "USDCLF":0.02269,
    "USDCLP":614.559998,
    "USDCNY":6.5321,
    "USDCOP":2980.800049,
    "USDCRC":565.130005,
    "USDCUC":1,
    "USDCUP":26.5,
    "USDCVE":92.339996,
    "USDCZK":21.413196,
    "USDDJF":177.504367,
    "USDDKK":6.23441,
    "USDDOP":48.340351,
    "USDDZD":114.837997,
    "USDEGP":17.760264,
    "USDERN":15.209916,
    "USDETB":27.209999,
    "USDEUR":0.837199,
    "USDFJD":2.061497,
    "USDFKP":0.743601,
    "USDGBP":0.74386,
    "USDGEL":2.603096,
    "USDGGP":0.743863,
    "USDGHS":4.499501,
    "USDGIP":0.743898,
    "USDGMD":47.349998,
    "USDGNF":8995.000274,
    "USDGTQ":7.344498,
    "USDGYD":204.850006,
    "USDHKD":7.814903,
    "USDHNL":23.540001,
    "USDHRK":6.266202,
    "USDHTG":62.939999,
    "USDHUF":259.429993,
    "USDIDR":13559,
    "USDILS":3.466603,
    "USDIMP":0.743863,
    "USDINR":64.069028,
    "USDIQD":1184,
    "USDIRR":36074.000227,
    "USDISK":104.779999,
    "USDJEP":0.743863,
    "USDJMD":123.580002,
    "USDJOD":0.707496,
    "USDJPY":112.885002,
    "USDKES":103.050003,
    "USDKGS":69.114998,
    "USDKHR":4029.999969,
    "USDKMF":410.99999,
    "USDKPW":899.999722,
    "USDKRW":1068.52002,
    "USDKWD":0.301602,
    "USDKYD":0.819942,
    "USDKZT":330.970001,
    "USDLAK":8297.400391,
    "USDLBP":1511.500169,
    "USDLKR":153.300003,
    "USDLRD":125.180044,
    "USDLSL":12.310188,
    "USDLTL":3.048702,
    "USDLVL":0.62055,
    "USDLYD":1.357006,
    "USDMAD":9.3675,
    "USDMDL":17.059999,
    "USDMGA":3220.000109,
    "USDMKD":51.240002,
    "USDMMK":1360.000455,
    "USDMNT":2418.999977,
    "USDMOP":8.0491,
    "USDMRO":351.000148,
    "USDMUR":33.549999,
    "USDMVR":15.539664,
    "USDMWK":716.380005,
    "USDMXN":19.725599,
    "USDMYR":4.064994,
    "USDMZN":58.790001,
    "USDNAD":12.411008,
    "USDNGN":358.000273,
    "USDNIO":30.690001,
    "USDNOK":8.24392,
    "USDNPR":102.559998,
    "USDNZD":1.410295,
    "USDOMR":0.384502,
    "USDPAB":1,
    "USDPEN":3.235202,
    "USDPGK":3.212901,
    "USDPHP":49.979876,
    "USDPKR":110.180138,
    "USDPLN":3.496203,
    "USDPYG":5588.999723,
    "USDQAR":3.641296,
    "USDRON":3.894806,
    "USDRSD":99.007401,
    "USDRUB":57.457598,
    "USDRWF":836.450012,
    "USDSAR":3.749939,
    "USDSBD":7.7796,
    "USDSCR":13.079027,
    "USDSDG":6.997203,
    "USDSEK":8.24321,
    "USDSGD":1.33771,
    "USDSHP":0.743902,
    "USDSLL":7630.000317,
    "USDSOS":557.000143,
    "USDSRD":7.38021,
    "USDSTD":20519.199219,
    "USDSVC":8.749723,
    "USDSYP":514.97998,
    "USDSZL":12.411005,
    "USDTHB":32.680022,
    "USDTJS":8.825029,
    "USDTMT":3.41,
    "USDTND":2.466203,
    "USDTOP":2.267099,
    "USDTRY":3.775029,
    "USDTTD":6.609696,
    "USDTWD":29.761999,
    "USDTZS":2232.999714,
    "USDUAH":28.13498,
    "USDUGX":3621.000309,
    "USDUSD":1,
    "USDUYU":28.709999,
    "USDUZS":8101.000173,
    "USDVEF":9.974499,
    "USDVND":22709,
    "USDVUV":104.849998,
    "USDWST":2.5446,
    "USDXAF":548.72998,
    "USDXAG":0.059391,
    "USDXAU":0.000773,
    "USDXCD":2.696786,
    "USDXDR":0.703879,
    "USDXOF":562.22998,
    "USDXPF":100.149694,
    "USDYER":249.550003,
    "USDZAR":12.394897,
    "USDZMK":9001.196871,
    "USDZMW":9.959714,
    "USDZWL":322.355011
  }
}