{
  "success":true,
  "terms":"https:\/\/currencylayer.com\/terms",
  "privacy":"https:\/\/currencylayer.com\/privacy",
  "timestamp":1514045946,
  "source":"USD",
  "quotes":{
    "USDAED":3.673095,
    "USDAFN":69.477267,
    "USDALL":112.125041,
    "USDAMD":481.540403,
    "USDANG":1.780403,
    "USDAOA":165.098007,
    "USDARS":18.039041,
    "USDAUD":1.294041,
    "USDAWG":1.78,
    "USDAZN":1.699604,
    "USDBAM":1.651041,
    "USDBBD":2,
    "USDBDT":82.650002,
    "USDBGN":1.650104,
    "USDBHD":0.376604,
    "USDBIF":1750.97998,
    "USDBMD":1,
    "USDBND":1.343204,
    "USDBOB":6.860399,
    "USDBRL":3.336704,
    "USDBSD":1,
    "USDBTC":6.7e-5,
    "USDBTN":64.074997,
    "USDBWP":10.015041,
    "USDBYN":2.020398,
    "USDBYR":19600,
    "USDBZD":1.997804,
    "USDCAD":1.272204,
    "USDCDF":1565.50392,
    "USDCHF":0.988704,
    "USDCLF":0.02297,
    "USDCLP":621.859985,
    "USDCNY":6.574904,
    "USDCOP":2956,
    "USDCRC":563.809998,
    "USDCUC":1,
    "USDCUP":26.5,
    "USDCVE":92.989998,
    "USDCZK":21.69804,
    "USDDJF":176.830002,
    "USDDKK":6.27363,
    "USDDOP":47.669998,
    "USDDZD":115.130997,
    "USDEGP":17.750393,
    "USDERN":15.280392,
    "USDETB":27.200001,
    "USDEUR":0.842704,
    "USDFJD":2.09204,
    "USDFKP":0.747704,
    "USDGBP":0.74838,
    "USDGEL":2.516604,
    "USDGGP":0.748418,
    "USDGHS":4.508504,
    "USDGIP":0.74804,
    "USDGMD":47.150002,
    "USDGNF":9000.000355,
    "USDGTQ":7.33604,
    "USDGYD":202.503846,
    "USDHKD":7.816404,
    "USDHNL":23.485001,
    "USDHRK":6.365904,
    "USDHTG":62.320388,
    "USDHUF":262.809998,
    "USDIDR":13558,
    "USDILS":3.479204,
    "USDIMP":0.748418,
    "USDINR":64.009003,
    "USDIQD":1184,
    "USDIRR":35859.000352,
    "USDISK":105.849998,
    "USDJEP":0.748418,
    "USDJMD":123.949997,
    "USDJOD":0.707504,
    "USDJPY":113.255997,
    "USDKES":102.750385,
    "USDKGS":69.418999,
    "USDKHR":4025.000351,
    "USDKMF":411.01001,
    "USDKPW":900.00035,
    "USDKRW":1076.23999,
    "USDKWD":0.301704,
    "USDKYD":0.820383,
    "USDKZT":332.549988,
    "USDLAK":8295.000349,
    "USDLBP":1505.503779,
    "USDLKR":152.850006,
    "USDLRD":125.160004,
    "USDLSL":12.610382,
    "USDLTL":3.048704,
    "USDLVL":0.62055,
    "USDLYD":1.361039,
    "USDMAD":9.416504,
    "USDMDL":17.115039,
    "USDMGA":3215.000347,
    "USDMKD":51.639999,
    "USDMMK":1361.000346,
    "USDMNT":2422.000346,
    "USDMOP":8.050904,
    "USDMRO":352.000346,
    "USDMUR":33.750379,
    "USDMVR":15.570378,
    "USDMWK":713.503739,
    "USDMXN":19.726039,
    "USDMYR":4.077039,
    "USDMZN":58.630001,
    "USDNAD":12.584039,
    "USDNGN":356.000344,
    "USDNIO":30.670377,
    "USDNOK":8.314604,
    "USDNPR":102.503998,
    "USDNZD":1.423404,
    "USDOMR":0.384204,
    "USDPAB":1,
    "USDPEN":3.231204,
    "USDPGK":3.241604,
    "USDPHP":49.990002,
    "USDPKR":110.349998,
    "USDPLN":3.533904,
    "USDPYG":5614.000341,
    "USDQAR":3.640304,
    "USDRON":3.907604,
    "USDRSD":100.105797,
    "USDRUB":58.346901,
    "USDRWF":835.75,
    "USDSAR":3.750373,
    "USDSBD":7.779604,
    "USDSCR":13.480372,
    "USDSDG":6.998204,
    "USDSEK":8.315904,
    "USDSGD":1.34276,
    "USDSHP":0.748038,
    "USDSLL":7630.000339,
    "USDSOS":559.000338,
    "USDSRD":7.390371,
    "USDSTD":20662.800781,
    "USDSVC":8.75037,
    "USDSYP":514.97998,
    "USDSZL":12.587038,
    "USDTHB":32.73037,
    "USDTJS":8.818704,
    "USDTMT":3.41,
    "USDTND":2.479504,
    "USDTOP":2.270204,
    "USDTRY":3.814804,
    "USDTTD":6.760304,
    "USDTWD":29.886038,
    "USDTZS":2230.000336,
    "USDUAH":27.930367,
    "USDUGX":3609.000335,
    "USDUSD":1,
    "USDUYU":28.809999,
    "USDUZS":8090.000335,
    "USDVEF":9.975038,
    "USDVND":22700,
    "USDVUV":108.000334,
    "USDWST":2.562904,
    "USDXAF":552.469971,
    "USDXAG":0.061059,
    "USDXAU":0.000784,
    "USDXCD":2.703606,
    "USDXDR":0.706353,
    "USDXOF":563.909973,
    "USDXPF":101.150364,
    "USDYER":249.899994,
    "USDZAR":12.583504,
    "USDZMK":9001.203593,
    "USDZMW":9.720363,
    "USDZWL":322.355011
  }
}