{
  "success":true,
  "terms":"https:\/\/currencylayer.com\/terms",
  "privacy":"https:\/\/currencylayer.com\/privacy",
  "timestamp":1515868146,
  "source":"USD",
  "quotes":{
    "USDAED":3.672804,
    "USDAFN":69.730003,
    "USDALL":109.550003,
    "USDAMD":483.01001,
    "USDANG":1.780403,
    "USDAOA":183.466995,
    "USDARS":18.660402,
    "USDAUD":1.261504,
    "USDAWG":1.78,
    "USDAZN":1.699604,
    "USDBAM":1.605041,
    "USDBBD":2,
    "USDBDT":82.739998,
    "USDBGN":1.611504,
    "USDBHD":0.376904,
    "USDBIF":1750.97998,
    "USDBMD":1,
    "USDBND":1.333504,
    "USDBOB":6.860399,
    "USDBRL":3.206104,
    "USDBSD":1,
    "USDBTC":7.0e-5,
    "USDBTN":63.650002,
    "USDBWP":9.837504,
    "USDBYN":2.020398,
    "USDBYR":19600,
    "USDBZD":1.997804,
    "USDCAD":1.245504,
    "USDCDF":1565.50392,
    "USDCHF":0.967604,
    "USDCLF":0.02227,
    "USDCLP":603.250396,
    "USDCNY":6.460604,
    "USDCOP":2854,
    "USDCRC":566.859985,
    "USDCUC":1,
    "USDCUP":26.5,
    "USDCVE":90.419998,
    "USDCZK":20.926001,
    "USDDJF":178.000359,
    "USDDKK":6.105504,
    "USDDOP":48.470001,
    "USDDZD":113.836998,
    "USDEGP":17.639999,
    "USDERN":15.280392,
    "USDETB":27.209999,
    "USDEUR":0.819304,
    "USDFJD":2.010392,
    "USDFKP":0.727704,
    "USDGBP":0.72846,
    "USDGEL":2.557104,
    "USDGGP":0.728501,
    "USDGHS":4.508504,
    "USDGIP":0.72804,
    "USDGMD":47.349998,
    "USDGNF":8995.000355,
    "USDGTQ":7.33604,
    "USDGYD":206.289993,
    "USDHKD":7.821104,
    "USDHNL":23.530001,
    "USDHRK":6.20604,
    "USDHTG":63.610001,
    "USDHUF":253.110001,
    "USDIDR":13348,
    "USDILS":3.389804,
    "USDIMP":0.728501,
    "USDINR":63.598999,
    "USDIQD":1184,
    "USDIRR":36374.000352,
    "USDISK":102.699997,
    "USDJEP":0.728501,
    "USDJMD":123.580002,
    "USDJOD":0.706804,
    "USDJPY":110.941002,
    "USDKES":102.800003,
    "USDKGS":69.348999,
    "USDKHR":4016.000351,
    "USDKMF":411.00035,
    "USDKPW":900.00035,
    "USDKRW":1058.503792,
    "USDKWD":0.301304,
    "USDKYD":0.820383,
    "USDKZT":329.250383,
    "USDLAK":8295.000349,
    "USDLBP":1505.503779,
    "USDLKR":153.899994,
    "USDLRD":126.800003,
    "USDLSL":12.360382,
    "USDLTL":3.048704,
    "USDLVL":0.62055,
    "USDLYD":1.354204,
    "USDMAD":9.247504,
    "USDMDL":17.035039,
    "USDMGA":3220.000347,
    "USDMKD":50.240002,
    "USDMMK":1349.000346,
    "USDMNT":2423.000346,
    "USDMOP":8.053039,
    "USDMRO":351.000346,
    "USDMUR":33.000346,
    "USDMVR":15.540378,
    "USDMWK":713.440002,
    "USDMXN":19.032039,
    "USDMYR":3.970378,
    "USDMZN":58.250377,
    "USDNAD":12.380377,
    "USDNGN":357.000344,
    "USDNIO":30.709999,
    "USDNOK":7.923039,
    "USDNPR":101.788002,
    "USDNZD":1.377704,
    "USDOMR":0.384504,
    "USDPAB":1,
    "USDPEN":3.212504,
    "USDPGK":3.140375,
    "USDPHP":50.299999,
    "USDPKR":110.400002,
    "USDPLN":3.421604,
    "USDPYG":5604.000341,
    "USDQAR":3.639904,
    "USDRON":3.788038,
    "USDRSD":98.312302,
    "USDRUB":56.636002,
    "USDRWF":835.75,
    "USDSAR":3.749904,
    "USDSBD":7.779604,
    "USDSCR":13.633038,
    "USDSDG":6.998204,
    "USDSEK":8.04215,
    "USDSGD":1.32257,
    "USDSHP":0.728038,
    "USDSLL":7630.000339,
    "USDSOS":547.000338,
    "USDSRD":7.390371,
    "USDSTD":20091.800781,
    "USDSVC":8.75037,
    "USDSYP":514.97998,
    "USDSZL":12.38037,
    "USDTHB":31.940001,
    "USDTJS":8.823604,
    "USDTMT":3.41,
    "USDTND":2.430369,
    "USDTOP":2.248204,
    "USDTRY":3.747704,
    "USDTTD":6.755304,
    "USDTWD":29.577999,
    "USDTZS":2239.000336,
    "USDUAH":28.537504,
    "USDUGX":3642.000335,
    "USDUSD":1,
    "USDUYU":28.580367,
    "USDUZS":8125.000335,
    "USDVEF":9.975038,
    "USDVND":22707,
    "USDVUV":104.040001,
    "USDWST":2.529104,
    "USDXAF":537.080017,
    "USDXAG":0.058037,
    "USDXAU":0.000748,
    "USDXCD":2.703606,
    "USDXDR":0.69786,
    "USDXOF":563.503602,
    "USDXPF":98.280364,
    "USDYER":249.949997,
    "USDZAR":12.379804,
    "USDZMK":9001.203593,
    "USDZMW":9.830363,
    "USDZWL":322.355011
  }
}