{
  "success":true,
  "terms":"https:\/\/currencylayer.com\/terms",
  "privacy":"https:\/\/currencylayer.com\/privacy",
  "timestamp":1516894461,
  "source":"USD",
  "quotes":{
    "USDAED":3.672502,
    "USDAFN":69.089996,
    "USDALL":106.790001,
    "USDAMD":480.149994,
    "USDANG":1.779664,
    "USDAOA":204.255005,
    "USDARS":19.538969,
    "USDAUD":1.2356,
    "USDAWG":1.78,
    "USDAZN":1.699602,
    "USDBAM":1.564405,
    "USDBBD":2,
    "USDBDT":82.870003,
    "USDBGN":1.576402,
    "USDBHD":0.376704,
    "USDBIF":1750.97998,
    "USDBMD":1,
    "USDBND":1.3106,
    "USDBOB":6.86016,
    "USDBRL":3.127501,
    "USDBSD":1,
    "USDBTC":9.0e-5,
    "USDBTN":63.674999,
    "USDBWP":9.546106,
    "USDBYN":2.020348,
    "USDBYR":19600,
    "USDBZD":1.997798,
    "USDCAD":1.229299,
    "USDCDF":1565.497133,
    "USDCHF":0.93068,
    "USDCLF":0.02209,
    "USDCLP":598.700012,
    "USDCNY":6.318802,
    "USDCOP":2787.800049,
    "USDCRC":564.630005,
    "USDCUC":1,
    "USDCUP":26.5,
    "USDCVE":88.029999,
    "USDCZK":20.247904,
    "USDDJF":176.830002,
    "USDDKK":5.94375,
    "USDDOP":47.779999,
    "USDDZD":113.049004,
    "USDEGP":17.639999,
    "USDERN":15.290021,
    "USDETB":27.219801,
    "USDEUR":0.798197,
    "USDFJD":2.002012,
    "USDFKP":0.701097,
    "USDGBP":0.69928,
    "USDGEL":2.4998,
    "USDGGP":0.699348,
    "USDGHS":4.528496,
    "USDGIP":0.701301,
    "USDGMD":48.330002,
    "USDGNF":8999.999771,
    "USDGTQ":7.336029,
    "USDGYD":205.479996,
    "USDHKD":7.81738,
    "USDHNL":23.540001,
    "USDHRK":5.923904,
    "USDHTG":63.259998,
    "USDHUF":246.970001,
    "USDIDR":13285,
    "USDILS":3.384797,
    "USDIMP":0.699348,
    "USDINR":63.459801,
    "USDIQD":1184,
    "USDIRR":36774.999996,
    "USDISK":101.150002,
    "USDJEP":0.699348,
    "USDJMD":123.910004,
    "USDJOD":0.708502,
    "USDJPY":108.639999,
    "USDKES":102.150002,
    "USDKGS":68.370003,
    "USDKHR":4000.0001,
    "USDKMF":411.01001,
    "USDKPW":899.999989,
    "USDKRW":1058.180054,
    "USDKWD":0.29945,
    "USDKYD":0.819925,
    "USDKZT":320.01001,
    "USDLAK":8275.000475,
    "USDLBP":1505.400024,
    "USDLKR":153.699997,
    "USDLRD":127.870003,
    "USDLSL":11.859891,
    "USDLTL":3.048698,
    "USDLVL":0.62055,
    "USDLYD":1.332035,
    "USDMAD":9.0923,
    "USDMDL":16.655001,
    "USDMGA":3200.000156,
    "USDMKD":48.889999,
    "USDMMK":1336.999639,
    "USDMNT":2415.999641,
    "USDMOP":8.046896,
    "USDMRO":352.000068,
    "USDMUR":32.24993,
    "USDMVR":15.570072,
    "USDMWK":713.469971,
    "USDMXN":18.424601,
    "USDMYR":3.884017,
    "USDMZN":59.150002,
    "USDNAD":11.851042,
    "USDNGN":358.999718,
    "USDNIO":30.709999,
    "USDNOK":7.64506,
    "USDNPR":101.720001,
    "USDNZD":1.3566,
    "USDOMR":0.384503,
    "USDPAB":1,
    "USDPEN":3.206597,
    "USDPGK":3.228498,
    "USDPHP":50.830002,
    "USDPKR":110.449997,
    "USDPLN":3.308297,
    "USDPYG":5600.799805,
    "USDQAR":3.640296,
    "USDRON":3.729099,
    "USDRSD":95.083046,
    "USDRUB":55.760201,
    "USDRWF":835.75,
    "USDSAR":3.750274,
    "USDSBD":7.779601,
    "USDSCR":13.69702,
    "USDSDG":6.998203,
    "USDSEK":7.83638,
    "USDSGD":1.30316,
    "USDSHP":0.701305,
    "USDSLL":7629.999617,
    "USDSOS":561.999911,
    "USDSRD":7.404833,
    "USDSTD":19560.800781,
    "USDSVC":8.749761,
    "USDSYP":514.97998,
    "USDSZL":11.851993,
    "USDTHB":31.329983,
    "USDTJS":8.821198,
    "USDTMT":3.41,
    "USDTND":2.371601,
    "USDTOP":2.223197,
    "USDTRY":3.732997,
    "USDTTD":6.721704,
    "USDTWD":29.032023,
    "USDTZS":2244.99988,
    "USDUAH":28.709999,
    "USDUGX":3625.000089,
    "USDUSD":1,
    "USDUYU":28.42993,
    "USDUZS":8129.99994,
    "USDVEF":9.974963,
    "USDVND":22700,
    "USDVUV":102.349998,
    "USDWST":2.503099,
    "USDXAF":523.47998,
    "USDXAG":0.057047,
    "USDXAU":0.000736,
    "USDXCD":2.702513,
    "USDXDR":0.687423,
    "USDXOF":528.880005,
    "USDXPF":96.059854,
    "USDYER":249.899994,
    "USDZAR":11.845503,
    "USDZMK":9001.202057,
    "USDZMW":9.659905,
    "USDZWL":322.355011
  }
}