{
  "success":true,
  "terms":"https:\/\/currencylayer.com\/terms",
  "privacy":"https:\/\/currencylayer.com\/privacy",
  "timestamp":1516204763,
  "source":"USD",
  "quotes":{
    "USDAED":3.672799,
    "USDAFN":69.330002,
    "USDALL":109.400002,
    "USDAMD":482.48999,
    "USDANG":1.779946,
    "USDAOA":202.664001,
    "USDARS":18.93003,
    "USDAUD":1.2536,
    "USDAWG":1.7825,
    "USDAZN":1.699598,
    "USDBAM":1.599497,
    "USDBBD":2,
    "USDBDT":82.809998,
    "USDBGN":1.602697,
    "USDBHD":0.376699,
    "USDBIF":1750.97998,
    "USDBMD":1,
    "USDBND":1.328299,
    "USDBOB":6.860082,
    "USDBRL":3.227199,
    "USDBSD":1,
    "USDBTC":0.000105,
    "USDBTN":63.424999,
    "USDBWP":9.7606,
    "USDBYN":2.020186,
    "USDBYR":19600,
    "USDBZD":1.997802,
    "USDCAD":1.24582,
    "USDCDF":1565.502134,
    "USDCHF":0.96111,
    "USDCLF":0.02233,
    "USDCLP":606.000235,
    "USDCNY":6.432896,
    "USDCOP":2841.300049,
    "USDCRC":564.49797,
    "USDCUC":1,
    "USDCUP":26.5,
    "USDCVE":90.070094,
    "USDCZK":20.743601,
    "USDDJF":176.830002,
    "USDDKK":6.08243,
    "USDDOP":47.820106,
    "USDDZD":113.912003,
    "USDEGP":17.67001,
    "USDERN":14.989936,
    "USDETB":27.200001,
    "USDEUR":0.816502,
    "USDFJD":1.99969,
    "USDFKP":0.7252,
    "USDGBP":0.723141,
    "USDGEL":2.535095,
    "USDGGP":0.723197,
    "USDGHS":4.528498,
    "USDGIP":0.725503,
    "USDGMD":47.369999,
    "USDGNF":8994.999839,
    "USDGTQ":7.336022,
    "USDGYD":205.479996,
    "USDHKD":7.81911,
    "USDHNL":23.565994,
    "USDHRK":6.061947,
    "USDHTG":63.590262,
    "USDHUF":252.070007,
    "USDIDR":13355,
    "USDILS":3.430601,
    "USDIMP":0.723197,
    "USDINR":63.844501,
    "USDIQD":1184,
    "USDIRR":36554.000259,
    "USDISK":103.040001,
    "USDJEP":0.723197,
    "USDJMD":123.129997,
    "USDJOD":0.707503,
    "USDJPY":110.728996,
    "USDKES":102.650002,
    "USDKGS":69.402031,
    "USDKHR":4009.999742,
    "USDKMF":402.399994,
    "USDKPW":899.999908,
    "USDKRW":1066.560059,
    "USDKWD":0.30045,
    "USDKYD":0.820396,
    "USDKZT":326.059998,
    "USDLAK":8281.000313,
    "USDLBP":1505.499549,
    "USDLKR":153.899994,
    "USDLRD":127.370003,
    "USDLSL":12.25031,
    "USDLTL":3.048703,
    "USDLVL":0.62055,
    "USDLYD":1.337698,
    "USDMAD":9.217603,
    "USDMDL":16.785009,
    "USDMGA":3221.000052,
    "USDMKD":50.110001,
    "USDMMK":1339.000131,
    "USDMNT":2421.999831,
    "USDMOP":8.054,
    "USDMRO":352.00044,
    "USDMUR":32.799999,
    "USDMVR":15.570067,
    "USDMWK":713.549988,
    "USDMXN":18.668501,
    "USDMYR":3.951974,
    "USDMZN":58.380001,
    "USDNAD":12.247958,
    "USDNGN":357.999997,
    "USDNIO":30.860501,
    "USDNOK":7.85213,
    "USDNPR":102.167999,
    "USDNZD":1.374041,
    "USDOMR":0.384501,
    "USDPAB":1,
    "USDPEN":3.210505,
    "USDPGK":3.228498,
    "USDPHP":50.679867,
    "USDPKR":110.699997,
    "USDPLN":3.404904,
    "USDPYG":5623.600098,
    "USDQAR":3.639801,
    "USDRON":3.798601,
    "USDRSD":96.373596,
    "USDRUB":56.742001,
    "USDRWF":835.75,
    "USDSAR":3.749965,
    "USDSBD":7.794799,
    "USDSCR":13.716975,
    "USDSDG":6.989854,
    "USDSEK":8.02338,
    "USDSGD":1.32225,
    "USDSHP":0.725498,
    "USDSLL":7629.999885,
    "USDSOS":562.999758,
    "USDSRD":7.390013,
    "USDSTD":20013,
    "USDSVC":8.750534,
    "USDSYP":514.97998,
    "USDSZL":12.261998,
    "USDTHB":31.940001,
    "USDTJS":8.823299,
    "USDTMT":3.41,
    "USDTND":2.4219,
    "USDTOP":2.229102,
    "USDTRY":3.800898,
    "USDTTD":6.752899,
    "USDTWD":29.559,
    "USDTZS":2244.000092,
    "USDUAH":28.660298,
    "USDUGX":3627.00041,
    "USDUSD":1,
    "USDUYU":28.570235,
    "USDUZS":8130.999914,
    "USDVEF":9.97495,
    "USDVND":22695,
    "USDVUV":103.389999,
    "USDWST":2.510702,
    "USDXAF":535.22998,
    "USDXAG":0.058449,
    "USDXAU":0.000748,
    "USDXCD":2.70232,
    "USDXDR":0.695137,
    "USDXOF":535.22998,
    "USDXPF":97.576982,
    "USDYER":249.899994,
    "USDZAR":12.261202,
    "USDZMK":9001.201624,
    "USDZMW":9.679684,
    "USDZWL":322.355011
  }
}