{
  "success":true,
  "terms":"https:\/\/currencylayer.com\/terms",
  "privacy":"https:\/\/currencylayer.com\/privacy",
  "timestamp":1516891164,
  "source":"USD",
  "quotes":{
    "USDAED":3.672501,
    "USDAFN":69.089996,
    "USDALL":106.790001,
    "USDAMD":480.149994,
    "USDANG":1.780011,
    "USDAOA":204.255005,
    "USDARS":19.474001,
    "USDAUD":1.237202,
    "USDAWG":1.78,
    "USDAZN":1.699597,
    "USDBAM":1.567603,
    "USDBBD":2,
    "USDBDT":82.870003,
    "USDBGN":1.583399,
    "USDBHD":0.3767,
    "USDBIF":1750.97998,
    "USDBMD":1,
    "USDBND":1.3106,
    "USDBOB":6.860277,
    "USDBRL":3.1235,
    "USDBSD":1,
    "USDBTC":8.9e-5,
    "USDBTN":63.674999,
    "USDBWP":9.546099,
    "USDBYN":2.019686,
    "USDBYR":19600,
    "USDBZD":1.997802,
    "USDCAD":1.23105,
    "USDCDF":1565.498985,
    "USDCHF":0.93845,
    "USDCLF":0.02207,
    "USDCLP":598.789978,
    "USDCNY":6.319198,
    "USDCOP":2773,
    "USDCRC":564.630005,
    "USDCUC":1,
    "USDCUP":26.5,
    "USDCVE":88.279999,
    "USDCZK":20.314301,
    "USDDJF":176.830002,
    "USDDKK":5.96012,
    "USDDOP":48.400002,
    "USDDZD":113.067001,
    "USDEGP":17.639999,
    "USDERN":14.990509,
    "USDETB":27.219801,
    "USDEUR":0.800298,
    "USDFJD":2.001962,
    "USDFKP":0.7011,
    "USDGBP":0.69892,
    "USDGEL":2.499797,
    "USDGGP":0.6989,
    "USDGHS":4.528499,
    "USDGIP":0.701299,
    "USDGMD":48.330002,
    "USDGNF":9000.000177,
    "USDGTQ":7.336037,
    "USDGYD":205.479996,
    "USDHKD":7.81791,
    "USDHNL":23.540001,
    "USDHRK":5.938905,
    "USDHTG":63.259998,
    "USDHUF":247.539993,
    "USDIDR":13285,
    "USDILS":3.392016,
    "USDIMP":0.6989,
    "USDINR":63.463902,
    "USDIQD":1180,
    "USDIRR":36774.99972,
    "USDISK":101.150002,
    "USDJEP":0.6989,
    "USDJMD":123.910004,
    "USDJOD":0.7085,
    "USDJPY":108.975998,
    "USDKES":102.150002,
    "USDKGS":68.370003,
    "USDKHR":4018.000184,
    "USDKMF":411.01001,
    "USDKPW":900.000165,
    "USDKRW":1058.469971,
    "USDKWD":0.29945,
    "USDKYD":0.819892,
    "USDKZT":320.01001,
    "USDLAK":8274.99984,
    "USDLBP":1505.400024,
    "USDLKR":153.699997,
    "USDLRD":127.870003,
    "USDLSL":11.860338,
    "USDLTL":3.048698,
    "USDLVL":0.62055,
    "USDLYD":1.332008,
    "USDMAD":9.109499,
    "USDMDL":16.655001,
    "USDMGA":3199.999994,
    "USDMKD":49.029999,
    "USDMMK":1337.000227,
    "USDMNT":2415.999742,
    "USDMOP":8.0469,
    "USDMRO":352.000109,
    "USDMUR":32.250343,
    "USDMVR":15.203473,
    "USDMWK":713.469971,
    "USDMXN":18.381504,
    "USDMYR":3.884031,
    "USDMZN":59.000289,
    "USDNAD":11.873038,
    "USDNGN":359.00056,
    "USDNIO":30.709999,
    "USDNOK":7.674389,
    "USDNPR":101.720001,
    "USDNZD":1.3579,
    "USDOMR":0.384798,
    "USDPAB":1,
    "USDPEN":3.204701,
    "USDPGK":3.228503,
    "USDPHP":50.810001,
    "USDPKR":110.495377,
    "USDPLN":3.319098,
    "USDPYG":5596.700195,
    "USDQAR":3.639803,
    "USDRON":3.738397,
    "USDRSD":95.082955,
    "USDRUB":55.780998,
    "USDRWF":835.75,
    "USDSAR":3.749798,
    "USDSBD":7.779597,
    "USDSCR":13.697003,
    "USDSDG":6.998202,
    "USDSEK":7.85649,
    "USDSGD":1.305098,
    "USDSHP":0.7013,
    "USDSLL":7619.999912,
    "USDSOS":561.999745,
    "USDSRD":7.398209,
    "USDSTD":19615.599609,
    "USDSVC":8.749369,
    "USDSYP":514.97998,
    "USDSZL":11.874038,
    "USDTHB":31.398774,
    "USDTJS":8.821199,
    "USDTMT":3.41,
    "USDTND":2.372991,
    "USDTOP":2.2232,
    "USDTRY":3.7345,
    "USDTTD":6.721702,
    "USDTWD":29.04199,
    "USDTZS":2245.000428,
    "USDUAH":28.709999,
    "USDUGX":3625.000177,
    "USDUSD":1,
    "USDUYU":28.429792,
    "USDUZS":8129.999853,
    "USDVEF":9.990055,
    "USDVND":22710,
    "USDVUV":102.349998,
    "USDWST":2.503102,
    "USDXAF":524.539978,
    "USDXAG":0.0571,
    "USDXAU":0.000737,
    "USDXCD":2.703157,
    "USDXDR":0.687423,
    "USDXOF":528.880005,
    "USDXPF":96.060287,
    "USDYER":249.850006,
    "USDZAR":11.875294,
    "USDZMK":9001.200592,
    "USDZMW":9.659794,
    "USDZWL":322.355011
  }
}