{
  "success":true,
  "terms":"https:\/\/currencylayer.com\/terms",
  "privacy":"https:\/\/currencylayer.com\/privacy",
  "timestamp":1516538048,
  "source":"USD",
  "quotes":{
    "USDAED":3.672804,
    "USDAFN":69.330002,
    "USDALL":109.000368,
    "USDAMD":481.459991,
    "USDANG":1.780403,
    "USDAOA":202.216995,
    "USDARS":18.966999,
    "USDAUD":1.249304,
    "USDAWG":1.78,
    "USDAZN":1.699604,
    "USDBAM":1.602304,
    "USDBBD":2,
    "USDBDT":82.790001,
    "USDBGN":1.595904,
    "USDBHD":0.376504,
    "USDBIF":1750.97998,
    "USDBMD":1,
    "USDBND":1.327041,
    "USDBOB":6.860399,
    "USDBRL":3.195904,
    "USDBSD":1,
    "USDBTC":8.3e-5,
    "USDBTN":63.775002,
    "USDBWP":9.684904,
    "USDBYN":2.020398,
    "USDBYR":19600,
    "USDBZD":1.997804,
    "USDCAD":1.248904,
    "USDCDF":1565.50392,
    "USDCHF":0.962404,
    "USDCLF":0.02242,
    "USDCLP":607.390015,
    "USDCNY":6.398904,
    "USDCOP":2842.100098,
    "USDCRC":564.880005,
    "USDCUC":1,
    "USDCUP":26.5,
    "USDCVE":90.230003,
    "USDCZK":20.766001,
    "USDDJF":177.100006,
    "USDDKK":6.08891,
    "USDDOP":47.810001,
    "USDDZD":113.883003,
    "USDEGP":17.670393,
    "USDERN":15.270392,
    "USDETB":27.209999,
    "USDEUR":0.817904,
    "USDFJD":2.002504,
    "USDFKP":0.720804,
    "USDGBP":0.72172,
    "USDGEL":2.532904,
    "USDGGP":0.721727,
    "USDGHS":4.537504,
    "USDGIP":0.721104,
    "USDGMD":48.380001,
    "USDGNF":8994.000355,
    "USDGTQ":7.33604,
    "USDGYD":205.889999,
    "USDHKD":7.815204,
    "USDHNL":23.535999,
    "USDHRK":6.07704,
    "USDHTG":63.520388,
    "USDHUF":252.740005,
    "USDIDR":13310,
    "USDILS":3.412104,
    "USDIMP":0.721727,
    "USDINR":63.81904,
    "USDIQD":1184,
    "USDIRR":36609.000352,
    "USDISK":102.699997,
    "USDJEP":0.721727,
    "USDJMD":123.790001,
    "USDJOD":0.70704,
    "USDJPY":110.614998,
    "USDKES":102.550003,
    "USDKGS":69.318001,
    "USDKHR":4005.800049,
    "USDKMF":411.00035,
    "USDKPW":900.00035,
    "USDKRW":1066.609985,
    "USDKWD":0.303789,
    "USDKYD":0.820383,
    "USDKZT":324.600006,
    "USDLAK":8279.700195,
    "USDLBP":1505.400024,
    "USDLKR":153.850006,
    "USDLRD":127.370003,
    "USDLSL":12.170382,
    "USDLTL":3.048704,
    "USDLVL":0.62055,
    "USDLYD":1.340204,
    "USDMAD":9.232039,
    "USDMDL":16.833039,
    "USDMGA":3210.000347,
    "USDMKD":50.200001,
    "USDMMK":1345.000346,
    "USDMNT":2414.000346,
    "USDMOP":8.049704,
    "USDMRO":352.000346,
    "USDMUR":32.700001,
    "USDMVR":15.503741,
    "USDMWK":713.47998,
    "USDMXN":18.605039,
    "USDMYR":3.936039,
    "USDMZN":58.389999,
    "USDNAD":12.251039,
    "USDNGN":358.000344,
    "USDNIO":30.629999,
    "USDNOK":7.862204,
    "USDNPR":102.047997,
    "USDNZD":1.373704,
    "USDOMR":0.384804,
    "USDPAB":1,
    "USDPEN":3.211104,
    "USDPGK":3.162504,
    "USDPHP":50.669998,
    "USDPKR":110.349998,
    "USDPLN":3.413604,
    "USDPYG":5612.000341,
    "USDQAR":3.639804,
    "USDRON":3.811704,
    "USDRSD":96.318001,
    "USDRUB":56.254101,
    "USDRWF":835.75,
    "USDSAR":3.750373,
    "USDSBD":7.749404,
    "USDSCR":13.335038,
    "USDSDG":6.998204,
    "USDSEK":8.058038,
    "USDSGD":1.31976,
    "USDSHP":0.721104,
    "USDSLL":7630.000339,
    "USDSOS":562.000338,
    "USDSRD":7.390371,
    "USDSTD":20049,
    "USDSVC":8.75037,
    "USDSYP":514.97998,
    "USDSZL":12.202504,
    "USDTHB":31.84037,
    "USDTJS":8.820804,
    "USDTMT":3.41,
    "USDTND":2.438504,
    "USDTOP":2.225204,
    "USDTRY":3.806204,
    "USDTTD":6.744038,
    "USDTWD":29.339001,
    "USDTZS":2241.000336,
    "USDUAH":28.850367,
    "USDUGX":3621.000335,
    "USDUSD":1,
    "USDUYU":28.540001,
    "USDUZS":8125.000335,
    "USDVEF":9.975038,
    "USDVND":22699,
    "USDVUV":103.209999,
    "USDWST":2.513204,
    "USDXAF":536.179993,
    "USDXAG":0.058753,
    "USDXAU":0.000751,
    "USDXCD":2.703606,
    "USDXDR":0.693105,
    "USDXOF":531.940002,
    "USDXPF":97.9036,
    "USDYER":249.949997,
    "USDZAR":12.178104,
    "USDZMK":9001.203593,
    "USDZMW":9.750363,
    "USDZWL":322.355011
  }
}