{
  "success":true,
  "terms":"https:\/\/currencylayer.com\/terms",
  "privacy":"https:\/\/currencylayer.com\/privacy",
  "timestamp":1516887853,
  "source":"USD",
  "quotes":{
    "USDAED":3.672601,
    "USDAFN":69.349998,
    "USDALL":107.199997,
    "USDAMD":480.149994,
    "USDANG":1.780192,
    "USDAOA":204.255005,
    "USDARS":19.408977,
    "USDAUD":1.234901,
    "USDAWG":1.7805,
    "USDAZN":1.699602,
    "USDBAM":1.571011,
    "USDBBD":2,
    "USDBDT":82.870003,
    "USDBGN":1.583401,
    "USDBHD":0.3767,
    "USDBIF":1750,
    "USDBMD":1,
    "USDBND":1.3106,
    "USDBOB":6.859792,
    "USDBRL":3.129299,
    "USDBSD":0.99,
    "USDBTC":9.0e-5,
    "USDBTN":63.674999,
    "USDBWP":9.5461,
    "USDBYN":2.020577,
    "USDBYR":19600,
    "USDBZD":1.997801,
    "USDCAD":1.23103,
    "USDCDF":1571.000067,
    "USDCHF":0.93911,
    "USDCLF":0.02209,
    "USDCLP":598.859985,
    "USDCNY":6.319298,
    "USDCOP":2766.699951,
    "USDCRC":564.630005,
    "USDCUC":1,
    "USDCUP":26.5,
    "USDCVE":88.379997,
    "USDCZK":20.3466,
    "USDDJF":176.830002,
    "USDDKK":5.96724,
    "USDDOP":47.779999,
    "USDDZD":113.265999,
    "USDEGP":17.639999,
    "USDERN":14.989683,
    "USDETB":27.219801,
    "USDEUR":0.8013,
    "USDFJD":2.002041,
    "USDFKP":0.701099,
    "USDGBP":0.699602,
    "USDGEL":2.499801,
    "USDGGP":0.699947,
    "USDGHS":4.535501,
    "USDGIP":0.701295,
    "USDGMD":48.310001,
    "USDGNF":9003.999939,
    "USDGTQ":7.335995,
    "USDGYD":205.479996,
    "USDHKD":7.81737,
    "USDHNL":23.540001,
    "USDHRK":5.945801,
    "USDHTG":63.259998,
    "USDHUF":247.679993,
    "USDIDR":13285,
    "USDILS":3.397899,
    "USDIMP":0.699947,
    "USDINR":63.480043,
    "USDIQD":1184,
    "USDIRR":36774.999717,
    "USDISK":101.150002,
    "USDJEP":0.699947,
    "USDJMD":123.910004,
    "USDJOD":0.708503,
    "USDJPY":108.871002,
    "USDKES":102.050003,
    "USDKGS":68.370003,
    "USDKHR":4017.9999,
    "USDKMF":411.01001,
    "USDKPW":899.999828,
    "USDKRW":1056.579956,
    "USDKWD":0.299699,
    "USDKYD":0.819819,
    "USDKZT":320.01001,
    "USDLAK":8275.000167,
    "USDLBP":1505.400024,
    "USDLKR":153.699997,
    "USDLRD":127.870003,
    "USDLSL":11.840055,
    "USDLTL":3.048704,
    "USDLVL":0.62055,
    "USDLYD":1.331995,
    "USDMAD":9.109896,
    "USDMDL":16.655001,
    "USDMGA":3199.999892,
    "USDMKD":49.080002,
    "USDMMK":1337.000223,
    "USDMNT":2416.000072,
    "USDMOP":8.0469,
    "USDMRO":351.999901,
    "USDMUR":32.249982,
    "USDMVR":15.57006,
    "USDMWK":713.469971,
    "USDMXN":18.355399,
    "USDMYR":3.884023,
    "USDMZN":59.000232,
    "USDNAD":11.86097,
    "USDNGN":358.000069,
    "USDNIO":30.893499,
    "USDNOK":7.69825,
    "USDNPR":101.720001,
    "USDNZD":1.354301,
    "USDOMR":0.384797,
    "USDPAB":1,
    "USDPEN":3.208099,
    "USDPGK":3.228501,
    "USDPHP":50.790001,
    "USDPKR":110.459999,
    "USDPLN":3.323099,
    "USDPYG":5586.700195,
    "USDQAR":3.639798,
    "USDRON":3.7377,
    "USDRSD":95.082981,
    "USDRUB":55.730701,
    "USDRWF":835.75,
    "USDSAR":3.749729,
    "USDSBD":7.779604,
    "USDSCR":13.401184,
    "USDSDG":6.998201,
    "USDSEK":7.87801,
    "USDSGD":1.30379,
    "USDSHP":0.701303,
    "USDSLL":7629.99996,
    "USDSOS":562.99978,
    "USDSRD":7.420265,
    "USDSTD":19639.199219,
    "USDSVC":8.750159,
    "USDSYP":514.97998,
    "USDSZL":11.860975,
    "USDTHB":31.33991,
    "USDTJS":8.821201,
    "USDTMT":3.4,
    "USDTND":2.375297,
    "USDTOP":2.2232,
    "USDTRY":3.729016,
    "USDTTD":6.629501,
    "USDTWD":29.032007,
    "USDTZS":2240.000305,
    "USDUAH":28.709999,
    "USDUGX":3625.000323,
    "USDUSD":1,
    "USDUYU":28.290001,
    "USDUZS":8129.999889,
    "USDVEF":9.975024,
    "USDVND":22709,
    "USDVUV":102.349998,
    "USDWST":2.503099,
    "USDXAF":525.690002,
    "USDXAG":0.056915,
    "USDXAU":0.000736,
    "USDXCD":2.715223,
    "USDXDR":0.689911,
    "USDXOF":528.880005,
    "USDXPF":96.530179,
    "USDYER":249.899994,
    "USDZAR":11.861499,
    "USDZMK":9001.194993,
    "USDZMW":9.67048,
    "USDZWL":322.355011
  }
}