{
  "success":true,
  "terms":"https:\/\/currencylayer.com\/terms",
  "privacy":"https:\/\/currencylayer.com\/privacy",
  "timestamp":1516884559,
  "source":"USD",
  "quotes":{
    "USDAED":3.672302,
    "USDAFN":69.089996,
    "USDALL":107.199997,
    "USDAMD":480.149994,
    "USDANG":1.779915,
    "USDAOA":204.255005,
    "USDARS":19.639014,
    "USDAUD":1.2384,
    "USDAWG":1.78,
    "USDAZN":1.699596,
    "USDBAM":1.578802,
    "USDBBD":2,
    "USDBDT":83.050003,
    "USDBGN":1.583403,
    "USDBHD":0.3767,
    "USDBIF":1750.97998,
    "USDBMD":1,
    "USDBND":1.310601,
    "USDBOB":6.859694,
    "USDBRL":3.146799,
    "USDBSD":1,
    "USDBTC":9.0e-5,
    "USDBTN":63.674999,
    "USDBWP":9.546102,
    "USDBYN":1.975193,
    "USDBYR":19600,
    "USDBZD":1.997797,
    "USDCAD":1.23253,
    "USDCDF":1565.498999,
    "USDCHF":0.941801,
    "USDCLF":0.02222,
    "USDCLP":600.140015,
    "USDCNY":6.319199,
    "USDCOP":2809.699951,
    "USDCRC":566.000362,
    "USDCUC":1,
    "USDCUP":26.5,
    "USDCVE":88.879997,
    "USDCZK":20.450899,
    "USDDJF":176.830002,
    "USDDKK":6.00006,
    "USDDOP":48.549999,
    "USDDZD":113.302002,
    "USDEGP":17.639999,
    "USDERN":14.990342,
    "USDETB":27.219801,
    "USDEUR":0.805799,
    "USDFJD":2.002019,
    "USDFKP":0.6991,
    "USDGBP":0.70144,
    "USDGEL":2.499796,
    "USDGGP":0.701332,
    "USDGHS":4.535503,
    "USDGIP":0.699402,
    "USDGMD":48.310001,
    "USDGNF":9004.000129,
    "USDGTQ":7.335986,
    "USDGYD":204.850006,
    "USDHKD":7.81762,
    "USDHNL":23.514999,
    "USDHRK":5.977403,
    "USDHTG":63.259998,
    "USDHUF":249.089996,
    "USDIDR":13287,
    "USDILS":3.399581,
    "USDIMP":0.701332,
    "USDINR":63.572799,
    "USDIQD":1184,
    "USDIRR":36775.000142,
    "USDISK":101.150002,
    "USDJEP":0.701332,
    "USDJMD":123.910004,
    "USDJOD":0.708502,
    "USDJPY":109.028999,
    "USDKES":102.150002,
    "USDKGS":68.370003,
    "USDKHR":4018.000154,
    "USDKMF":411.019989,
    "USDKPW":900.000402,
    "USDKRW":1059.130005,
    "USDKWD":0.299702,
    "USDKYD":0.819781,
    "USDKZT":320.01001,
    "USDLAK":8274.999702,
    "USDLBP":1511.00003,
    "USDLKR":153.699997,
    "USDLRD":127.870003,
    "USDLSL":11.840215,
    "USDLTL":3.048701,
    "USDLVL":0.62055,
    "USDLYD":1.332098,
    "USDMAD":9.148498,
    "USDMDL":16.655001,
    "USDMGA":3199.999455,
    "USDMKD":49.349998,
    "USDMMK":1337.000541,
    "USDMNT":2415.080078,
    "USDMOP":8.046903,
    "USDMRO":352.000348,
    "USDMUR":32.249498,
    "USDMVR":15.570269,
    "USDMWK":713.47998,
    "USDMXN":18.466201,
    "USDMYR":3.884699,
    "USDMZN":59.400002,
    "USDNAD":11.895027,
    "USDNGN":358.000082,
    "USDNIO":30.893499,
    "USDNOK":7.729811,
    "USDNPR":101.720001,
    "USDNZD":1.355986,
    "USDOMR":0.384802,
    "USDPAB":1,
    "USDPEN":3.208501,
    "USDPGK":3.228503,
    "USDPHP":50.900002,
    "USDPKR":110.480003,
    "USDPLN":3.341501,
    "USDPYG":5597.000272,
    "USDQAR":3.6398,
    "USDRON":3.759705,
    "USDRSD":95.082968,
    "USDRUB":55.841499,
    "USDRWF":835.75,
    "USDSAR":3.750168,
    "USDSBD":7.779602,
    "USDSCR":13.441949,
    "USDSDG":7.014202,
    "USDSEK":7.91325,
    "USDSGD":1.30655,
    "USDSHP":0.699402,
    "USDSLL":7629.999732,
    "USDSOS":562.999985,
    "USDSRD":7.41971,
    "USDSTD":19748.5,
    "USDSVC":8.74953,
    "USDSYP":514.97998,
    "USDSZL":11.906512,
    "USDTHB":31.410175,
    "USDTJS":8.821203,
    "USDTMT":3.4,
    "USDTND":2.384978,
    "USDTOP":2.223199,
    "USDTRY":3.739603,
    "USDTTD":6.722301,
    "USDTWD":29.065963,
    "USDTZS":2240.000254,
    "USDUAH":28.709999,
    "USDUGX":3621.999448,
    "USDUSD":1,
    "USDUYU":28.450001,
    "USDUZS":8130.000097,
    "USDVEF":9.975002,
    "USDVND":22709,
    "USDVUV":102.349998,
    "USDWST":2.503099,
    "USDXAF":528.289978,
    "USDXAG":0.05711,
    "USDXAU":0.000736,
    "USDXCD":2.697487,
    "USDXDR":0.689911,
    "USDXOF":528.880005,
    "USDXPF":96.133042,
    "USDYER":249.850006,
    "USDZAR":11.898703,
    "USDZMK":9001.2106,
    "USDZMW":9.679551,
    "USDZWL":322.355011
  }
}