{
  "success":true,
  "terms":"https:\/\/currencylayer.com\/terms",
  "privacy":"https:\/\/currencylayer.com\/privacy",
  "timestamp":1517494274,
  "source":"USD",
  "quotes":{
    "USDAED":3.6717,
    "USDAFN":69.349998,
    "USDALL":106.989998,
    "USDAMD":480.480011,
    "USDANG":1.779708,
    "USDAOA":206.692001,
    "USDARS":19.533974,
    "USDAUD":1.248498,
    "USDAWG":1.78,
    "USDAZN":1.699603,
    "USDBAM":1.573303,
    "USDBBD":2,
    "USDBDT":82.870003,
    "USDBGN":1.570103,
    "USDBHD":0.3767,
    "USDBIF":1750,
    "USDBMD":1,
    "USDBND":1.319198,
    "USDBOB":6.859759,
    "USDBRL":3.172204,
    "USDBSD":0.99,
    "USDBTC":0.000108,
    "USDBTN":63.650002,
    "USDBWP":9.555199,
    "USDBYN":1.970285,
    "USDBYR":19600,
    "USDBZD":1.9978,
    "USDCAD":1.23129,
    "USDCDF":1571.000101,
    "USDCHF":0.93003,
    "USDCLF":0.02215,
    "USDCLP":599.619995,
    "USDCNY":6.296499,
    "USDCOP":2815.300049,
    "USDCRC":564.999666,
    "USDCUC":1,
    "USDCUP":26.5,
    "USDCVE":88.580002,
    "USDCZK":20.274902,
    "USDDJF":177.570007,
    "USDDKK":5.97832,
    "USDDOP":48.700001,
    "USDDZD":113.184998,
    "USDEGP":17.610001,
    "USDERN":14.989881,
    "USDETB":27.209999,
    "USDEUR":0.803102,
    "USDFJD":1.985012,
    "USDFKP":0.702703,
    "USDGBP":0.703329,
    "USDGEL":2.486198,
    "USDGGP":0.703361,
    "USDGHS":4.493498,
    "USDGIP":0.703017,
    "USDGMD":48.049999,
    "USDGNF":9002.999627,
    "USDGTQ":7.335988,
    "USDGYD":205.889999,
    "USDHKD":7.8191,
    "USDHNL":23.497632,
    "USDHRK":5.966097,
    "USDHTG":63.799999,
    "USDHUF":248.929993,
    "USDIDR":13423,
    "USDILS":3.426197,
    "USDIMP":0.703361,
    "USDINR":64.048503,
    "USDIQD":1184,
    "USDIRR":36951.999974,
    "USDISK":100.389999,
    "USDJEP":0.703361,
    "USDJMD":123.690002,
    "USDJOD":0.708497,
    "USDJPY":109.365997,
    "USDKES":101.699997,
    "USDKGS":68.422997,
    "USDKHR":4012.000227,
    "USDKMF":395.999593,
    "USDKPW":900.000149,
    "USDKRW":1070.810059,
    "USDKWD":0.299501,
    "USDKYD":0.819875,
    "USDKZT":322.309998,
    "USDLAK":8263.999838,
    "USDLBP":1510.000166,
    "USDLKR":153.759995,
    "USDLRD":121.599998,
    "USDLSL":11.829871,
    "USDLTL":3.048699,
    "USDLVL":0.62055,
    "USDLYD":1.323198,
    "USDMAD":9.136904,
    "USDMDL":16.649926,
    "USDMGA":3190.000133,
    "USDMKD":49.189999,
    "USDMMK":1325.999779,
    "USDMNT":2414.000069,
    "USDMOP":8.050799,
    "USDMRO":351.000338,
    "USDMUR":32.150002,
    "USDMVR":15.57009,
    "USDMWK":713.450012,
    "USDMXN":18.579901,
    "USDMYR":3.899498,
    "USDMZN":60.503947,
    "USDNAD":11.890296,
    "USDNGN":358.000256,
    "USDNIO":30.922396,
    "USDNOK":7.69112,
    "USDNPR":102.143997,
    "USDNZD":1.3576,
    "USDOMR":0.384801,
    "USDPAB":1,
    "USDPEN":3.213499,
    "USDPGK":3.228501,
    "USDPHP":51.660295,
    "USDPKR":110.459999,
    "USDPLN":3.3394,
    "USDPYG":5590.700195,
    "USDQAR":3.639801,
    "USDRON":3.7352,
    "USDRSD":95.314102,
    "USDRUB":56.316601,
    "USDRWF":835.75,
    "USDSAR":3.7497,
    "USDSBD":7.749394,
    "USDSCR":13.399577,
    "USDSDG":18.612198,
    "USDSEK":7.88377,
    "USDSGD":1.31237,
    "USDSHP":0.70302,
    "USDSLL":7629.999723,
    "USDSOS":561.999911,
    "USDSRD":7.399385,
    "USDSTD":19683.400391,
    "USDSVC":8.750129,
    "USDSYP":514.97998,
    "USDSZL":11.895029,
    "USDTHB":31.349575,
    "USDTJS":8.824298,
    "USDTMT":3.4,
    "USDTND":2.3791,
    "USDTOP":2.214302,
    "USDTRY":3.748099,
    "USDTTD":6.742795,
    "USDTWD":29.252001,
    "USDTZS":2249.000016,
    "USDUAH":27.84036,
    "USDUGX":3614.000195,
    "USDUSD":1,
    "USDUYU":28.290001,
    "USDUZS":8160.00022,
    "USDVEF":9.975007,
    "USDVND":22708,
    "USDVUV":102.610001,
    "USDWST":2.493104,
    "USDXAF":526.450012,
    "USDXAG":0.058384,
    "USDXAU":0.000746,
    "USDXCD":2.692811,
    "USDXDR":0.687055,
    "USDXOF":526.450012,
    "USDXPF":95.851023,
    "USDYER":249.899994,
    "USDZAR":11.898205,
    "USDZMK":9001.198679,
    "USDZMW":9.720123,
    "USDZWL":322.355011
  }
}