{
  "success":true,
  "terms":"https:\/\/currencylayer.com\/terms",
  "privacy":"https:\/\/currencylayer.com\/privacy",
  "timestamp":1517405167,
  "source":"USD",
  "quotes":{
    "USDAED":3.671802,
    "USDAFN":69.260002,
    "USDALL":107.400002,
    "USDAMD":480.309998,
    "USDANG":1.780255,
    "USDAOA":207.207001,
    "USDARS":19.620001,
    "USDAUD":1.233604,
    "USDAWG":1.78,
    "USDAZN":1.699604,
    "USDBAM":1.572702,
    "USDBBD":2,
    "USDBDT":83.050003,
    "USDBGN":1.5746,
    "USDBHD":0.376701,
    "USDBIF":1750.97998,
    "USDBMD":1,
    "USDBND":1.325704,
    "USDBOB":6.85951,
    "USDBRL":3.1581,
    "USDBSD":1,
    "USDBTC":9.7e-5,
    "USDBTN":63.674999,
    "USDBWP":9.5735,
    "USDBYN":1.978896,
    "USDBYR":19600,
    "USDBZD":1.9978,
    "USDCAD":1.227469,
    "USDCDF":1565.496429,
    "USDCHF":0.93376,
    "USDCLF":0.02238,
    "USDCLP":603.859985,
    "USDCNY":6.2841,
    "USDCOP":2838.199951,
    "USDCRC":564.999588,
    "USDCUC":1,
    "USDCUP":26.5,
    "USDCVE":88.519997,
    "USDCZK":20.284599,
    "USDDJF":176.830002,
    "USDDKK":5.97396,
    "USDDOP":48.000113,
    "USDDZD":113.002998,
    "USDEGP":17.642499,
    "USDERN":14.98954,
    "USDETB":27.222902,
    "USDEUR":0.802495,
    "USDFJD":1.984981,
    "USDFKP":0.705102,
    "USDGBP":0.705921,
    "USDGEL":2.486897,
    "USDGGP":0.706179,
    "USDGHS":4.488502,
    "USDGIP":0.705403,
    "USDGMD":48.200001,
    "USDGNF":9004.999669,
    "USDGTQ":7.335992,
    "USDGYD":204.059998,
    "USDHKD":7.81982,
    "USDHNL":23.496816,
    "USDHRK":5.963099,
    "USDHTG":63.130001,
    "USDHUF":249.169998,
    "USDIDR":13387,
    "USDILS":3.402598,
    "USDIMP":0.706179,
    "USDINR":63.559201,
    "USDIQD":1184,
    "USDIRR":36951.999722,
    "USDISK":100.370003,
    "USDJEP":0.706179,
    "USDJMD":123.809998,
    "USDJOD":0.708496,
    "USDJPY":108.931015,
    "USDKES":101.800003,
    "USDKGS":68.364998,
    "USDKHR":4005.300049,
    "USDKMF":411.019989,
    "USDKPW":900.000308,
    "USDKRW":1063.76001,
    "USDKWD":0.299497,
    "USDKYD":0.819834,
    "USDKZT":323.01001,
    "USDLAK":8275.000006,
    "USDLBP":1509.999896,
    "USDLKR":153.899994,
    "USDLRD":128.929993,
    "USDLSL":11.979531,
    "USDLTL":3.048696,
    "USDLVL":0.62055,
    "USDLYD":1.328404,
    "USDMAD":9.131999,
    "USDMDL":16.604972,
    "USDMGA":3200.000177,
    "USDMKD":49.150002,
    "USDMMK":1328.000316,
    "USDMNT":2412.709961,
    "USDMOP":8.049801,
    "USDMRO":351.000272,
    "USDMUR":31.079841,
    "USDMVR":15.569709,
    "USDMWK":718.000157,
    "USDMXN":18.642401,
    "USDMYR":3.899497,
    "USDMZN":59.999724,
    "USDNAD":11.848017,
    "USDNGN":356.999968,
    "USDNIO":30.918301,
    "USDNOK":7.67514,
    "USDNPR":101.755997,
    "USDNZD":1.350198,
    "USDOMR":0.384803,
    "USDPAB":1,
    "USDPEN":3.214502,
    "USDPGK":3.2155,
    "USDPHP":51.269567,
    "USDPKR":110.470001,
    "USDPLN":3.330199,
    "USDPYG":5601.999897,
    "USDQAR":3.639799,
    "USDRON":3.732702,
    "USDRSD":95.166028,
    "USDRUB":56.285599,
    "USDRWF":835.75,
    "USDSAR":3.750185,
    "USDSBD":7.719497,
    "USDSCR":13.401624,
    "USDSDG":18.612203,
    "USDSEK":7.83665,
    "USDSGD":1.30737,
    "USDSHP":0.705403,
    "USDSLL":7680.000063,
    "USDSOS":561.999985,
    "USDSRD":7.42024,
    "USDSTD":19669.199219,
    "USDSVC":8.749781,
    "USDSYP":514.97998,
    "USDSZL":11.859755,
    "USDTHB":31.280001,
    "USDTJS":8.822601,
    "USDTMT":3.41,
    "USDTND":2.375299,
    "USDTOP":2.231101,
    "USDTRY":3.753701,
    "USDTTD":6.629497,
    "USDTWD":29.12799,
    "USDTZS":2240.00001,
    "USDUAH":27.770128,
    "USDUGX":3617.000254,
    "USDUSD":1,
    "USDUYU":28.397436,
    "USDUZS":8160.000217,
    "USDVEF":9.97496,
    "USDVND":22708,
    "USDVUV":102.540001,
    "USDWST":2.519283,
    "USDXAF":526.249803,
    "USDXAG":0.058075,
    "USDXAU":0.000745,
    "USDXCD":2.69797,
    "USDXDR":0.687212,
    "USDXOF":526.249807,
    "USDXPF":95.72601,
    "USDYER":249.949997,
    "USDZAR":11.859702,
    "USDZMK":9001.157375,
    "USDZMW":9.729943,
    "USDZWL":322.355011
  }
}