{
  "success":true,
  "terms":"https:\/\/currencylayer.com\/terms",
  "privacy":"https:\/\/currencylayer.com\/privacy",
  "timestamp":1517320147,
  "source":"USD",
  "quotes":{
    "USDAED":3.672901,
    "USDAFN":69.300003,
    "USDALL":107.260002,
    "USDAMD":480.130005,
    "USDANG":1.780161,
    "USDAOA":204.800995,
    "USDARS":19.579776,
    "USDAUD":1.233987,
    "USDAWG":1.78,
    "USDAZN":1.699599,
    "USDBAM":1.575399,
    "USDBBD":2,
    "USDBDT":82.870003,
    "USDBGN":1.57992,
    "USDBHD":0.376905,
    "USDBIF":1750,
    "USDBMD":1,
    "USDBND":1.325697,
    "USDBOB":6.859834,
    "USDBRL":3.159298,
    "USDBSD":0.99,
    "USDBTC":9.6e-5,
    "USDBTN":63.549999,
    "USDBWP":9.619601,
    "USDBYN":2.019734,
    "USDBYR":19600,
    "USDBZD":1.997804,
    "USDCAD":1.23168,
    "USDCDF":1570.999751,
    "USDCHF":0.93228,
    "USDCLF":0.02222,
    "USDCLP":601.669983,
    "USDCNY":6.316599,
    "USDCOP":2832.699951,
    "USDCRC":564.999769,
    "USDCUC":1,
    "USDCUP":26.5,
    "USDCVE":88.680237,
    "USDCZK":20.372601,
    "USDDJF":176.830002,
    "USDDKK":5.98393,
    "USDDOP":48.700001,
    "USDDZD":113.056999,
    "USDEGP":17.639999,
    "USDERN":14.989841,
    "USDETB":27.209999,
    "USDEUR":0.8039,
    "USDFJD":1.981991,
    "USDFKP":0.707905,
    "USDGBP":0.70724,
    "USDGEL":2.484974,
    "USDGGP":0.707192,
    "USDGHS":4.488495,
    "USDGIP":0.708201,
    "USDGMD":48.229982,
    "USDGNF":9003.999593,
    "USDGTQ":7.335976,
    "USDGYD":204.880005,
    "USDHKD":7.818802,
    "USDHNL":23.507999,
    "USDHRK":5.960199,
    "USDHTG":63.139999,
    "USDHUF":249.660004,
    "USDIDR":13428,
    "USDILS":3.398804,
    "USDIMP":0.707192,
    "USDINR":63.622101,
    "USDIQD":1184,
    "USDIRR":36905.000307,
    "USDISK":100.099998,
    "USDJEP":0.707192,
    "USDJMD":123.690002,
    "USDJOD":0.707499,
    "USDJPY":108.617996,
    "USDKES":102.150002,
    "USDKGS":68.364998,
    "USDKHR":4005.800049,
    "USDKMF":411.019989,
    "USDKPW":900.000228,
    "USDKRW":1067.76001,
    "USDKWD":0.299502,
    "USDKYD":0.819656,
    "USDKZT":321.609985,
    "USDLAK":8279.000024,
    "USDLBP":1510.999916,
    "USDLKR":153.899994,
    "USDLRD":128.929993,
    "USDLSL":11.944038,
    "USDLTL":3.048697,
    "USDLVL":0.62055,
    "USDLYD":1.328297,
    "USDMAD":9.140898,
    "USDMDL":16.634992,
    "USDMGA":3190.00007,
    "USDMKD":49.240002,
    "USDMMK":1327.999722,
    "USDMNT":2412.999817,
    "USDMOP":8.047501,
    "USDMRO":351.000096,
    "USDMUR":32.099998,
    "USDMVR":15.569729,
    "USDMWK":713.450012,
    "USDMXN":18.597198,
    "USDMYR":3.899498,
    "USDMZN":60.00015,
    "USDNAD":11.911018,
    "USDNGN":357.00025,
    "USDNIO":30.914101,
    "USDNOK":7.69237,
    "USDNPR":101.804001,
    "USDNZD":1.361097,
    "USDOMR":0.3848,
    "USDPAB":1,
    "USDPEN":3.211498,
    "USDPGK":3.228495,
    "USDPHP":51.330002,
    "USDPKR":110.470001,
    "USDPLN":3.330096,
    "USDPYG":5605.899902,
    "USDQAR":3.639798,
    "USDRON":3.738103,
    "USDRSD":95.710999,
    "USDRUB":56.001301,
    "USDRWF":835.75,
    "USDSAR":3.749886,
    "USDSBD":7.761501,
    "USDSCR":13.420974,
    "USDSDG":18.612199,
    "USDSEK":7.86546,
    "USDSGD":1.30902,
    "USDSHP":0.708194,
    "USDSLL":7680.000195,
    "USDSOS":561.999758,
    "USDSRD":7.419847,
    "USDSTD":19705.599609,
    "USDSVC":8.749715,
    "USDSYP":514.97998,
    "USDSZL":11.911022,
    "USDTHB":31.379999,
    "USDTJS":8.825502,
    "USDTMT":3.41,
    "USDTND":2.377603,
    "USDTOP":2.231098,
    "USDTRY":3.769101,
    "USDTTD":6.723965,
    "USDTWD":29.198047,
    "USDTZS":2247.000193,
    "USDUAH":27.919988,
    "USDUGX":3614.00021,
    "USDUSD":1,
    "USDUYU":28.330007,
    "USDUZS":8159.999889,
    "USDVEF":9.97502,
    "USDVND":22708,
    "USDVUV":102.519997,
    "USDWST":2.503097,
    "USDXAF":527.179993,
    "USDXAG":0.057889,
    "USDXAU":0.000743,
    "USDXCD":2.699265,
    "USDXDR":0.688374,
    "USDXOF":520.960022,
    "USDXPF":96.895828,
    "USDYER":249.899994,
    "USDZAR":11.914604,
    "USDZMK":9001.202676,
    "USDZMW":9.730263,
    "USDZWL":322.355011
  }
}