{
  "success":true,
  "terms":"https:\/\/currencylayer.com\/terms",
  "privacy":"https:\/\/currencylayer.com\/privacy",
  "timestamp":1517497577,
  "source":"USD",
  "quotes":{
    "USDAED":3.671603,
    "USDAFN":69.250078,
    "USDALL":106.989998,
    "USDAMD":480.480011,
    "USDANG":1.780008,
    "USDAOA":206.692001,
    "USDARS":19.459999,
    "USDAUD":1.248797,
    "USDAWG":1.78,
    "USDAZN":1.699597,
    "USDBAM":1.573975,
    "USDBBD":2,
    "USDBDT":82.870003,
    "USDBGN":1.570101,
    "USDBHD":0.376698,
    "USDBIF":1750.97998,
    "USDBMD":1,
    "USDBND":1.319198,
    "USDBOB":6.85971,
    "USDBRL":3.167499,
    "USDBSD":1,
    "USDBTC":0.000108,
    "USDBTN":63.650002,
    "USDBWP":9.5552,
    "USDBYN":1.970269,
    "USDBYR":19600,
    "USDBZD":1.997803,
    "USDCAD":1.23059,
    "USDCDF":1565.50406,
    "USDCHF":0.93096,
    "USDCLF":0.022102,
    "USDCLP":599.599976,
    "USDCNY":6.296899,
    "USDCOP":2808,
    "USDCRC":565.309998,
    "USDCUC":1,
    "USDCUP":26.5,
    "USDCVE":88.650002,
    "USDCZK":20.2782,
    "USDDJF":176.830002,
    "USDDKK":5.98381,
    "USDDOP":48.720001,
    "USDDZD":113.137001,
    "USDEGP":17.629999,
    "USDERN":15.270284,
    "USDETB":27.209999,
    "USDEUR":0.803698,
    "USDFJD":1.985002,
    "USDFKP":0.702701,
    "USDGBP":0.70382,
    "USDGEL":2.486203,
    "USDGGP":0.70387,
    "USDGHS":4.493502,
    "USDGIP":0.70299,
    "USDGMD":48.049999,
    "USDGNF":9002.999692,
    "USDGTQ":7.336005,
    "USDGYD":205.889999,
    "USDHKD":7.819904,
    "USDHNL":23.538058,
    "USDHRK":5.969901,
    "USDHTG":63.799999,
    "USDHUF":249.229996,
    "USDIDR":13423,
    "USDILS":3.4281,
    "USDIMP":0.70387,
    "USDINR":64.015503,
    "USDIQD":1184,
    "USDIRR":36951.999729,
    "USDISK":100.389999,
    "USDJEP":0.70387,
    "USDJMD":123.690002,
    "USDJOD":0.707496,
    "USDJPY":109.501999,
    "USDKES":101.650002,
    "USDKGS":68.422997,
    "USDKHR":4012.000055,
    "USDKMF":396.000191,
    "USDKPW":899.999517,
    "USDKRW":1069.01001,
    "USDKWD":0.299498,
    "USDKYD":0.82025,
    "USDKZT":322.309998,
    "USDLAK":8263.999943,
    "USDLBP":1505.501471,
    "USDLKR":153.759995,
    "USDLRD":124.139999,
    "USDLSL":11.829832,
    "USDLTL":3.0487,
    "USDLVL":0.62055,
    "USDLYD":1.323199,
    "USDMAD":9.1426,
    "USDMDL":16.649411,
    "USDMGA":3190.000088,
    "USDMKD":49.220001,
    "USDMMK":1326.000277,
    "USDMNT":2414.000166,
    "USDMOP":8.050797,
    "USDMRO":350.999801,
    "USDMUR":32.150002,
    "USDMVR":15.569723,
    "USDMWK":713.450012,
    "USDMXN":18.509001,
    "USDMYR":3.8995,
    "USDMZN":60.299999,
    "USDNAD":11.882968,
    "USDNGN":357.999839,
    "USDNIO":30.922402,
    "USDNOK":7.69157,
    "USDNPR":102.143997,
    "USDNZD":1.358101,
    "USDOMR":0.3848,
    "USDPAB":1,
    "USDPEN":3.211296,
    "USDPGK":3.228501,
    "USDPHP":51.700001,
    "USDPKR":110.459999,
    "USDPLN":3.343701,
    "USDPYG":5590.299805,
    "USDQAR":3.639797,
    "USDRON":3.738203,
    "USDRSD":95.314102,
    "USDRUB":56.236301,
    "USDRWF":835.75,
    "USDSAR":3.749701,
    "USDSBD":7.749402,
    "USDSCR":13.602995,
    "USDSDG":18.612201,
    "USDSEK":7.88596,
    "USDSGD":1.31274,
    "USDSHP":0.702992,
    "USDSLL":7629.999958,
    "USDSOS":561.999446,
    "USDSRD":7.399618,
    "USDSTD":19699.199219,
    "USDSVC":8.750377,
    "USDSYP":514.97998,
    "USDSZL":11.876006,
    "USDTHB":31.350099,
    "USDTJS":8.8243,
    "USDTMT":3.4,
    "USDTND":2.3761,
    "USDTOP":2.214297,
    "USDTRY":3.742603,
    "USDTTD":6.7428,
    "USDTWD":29.252968,
    "USDTZS":2248.800049,
    "USDUAH":27.840212,
    "USDUGX":3613.999688,
    "USDUSD":1,
    "USDUYU":28.280001,
    "USDUZS":8160.000071,
    "USDVEF":9.974977,
    "USDVND":22708,
    "USDVUV":102.610001,
    "USDWST":2.493101,
    "USDXAF":526.710022,
    "USDXAG":0.058197,
    "USDXAU":0.000745,
    "USDXCD":2.69532,
    "USDXDR":0.687055,
    "USDXOF":526.710022,
    "USDXPF":95.851035,
    "USDYER":249.899994,
    "USDZAR":11.882397,
    "USDZMK":9001.199948,
    "USDZMW":9.719711,
    "USDZWL":322.355011
  }
}