{
  "success":true,
  "terms":"https:\/\/currencylayer.com\/terms",
  "privacy":"https:\/\/currencylayer.com\/privacy",
  "timestamp":1518612313,
  "source":"USD",
  "quotes":{
    "USDAED":3.672898,
    "USDAFN":68.900002,
    "USDALL":107.400002,
    "USDAMD":481.109985,
    "USDANG":1.78018,
    "USDAOA":210.184998,
    "USDARS":19.975017,
    "USDAUD":1.2713,
    "USDAWG":1.78,
    "USDAZN":1.699601,
    "USDBAM":1.585897,
    "USDBBD":2,
    "USDBDT":83.099998,
    "USDBGN":1.585796,
    "USDBHD":0.3769,
    "USDBIF":1750.97998,
    "USDBMD":1,
    "USDBND":1.320897,
    "USDBOB":6.860203,
    "USDBRL":3.280949,
    "USDBSD":1,
    "USDBTC":0.000109,
    "USDBTN":64.250412,
    "USDBWP":9.582701,
    "USDBYN":1.986802,
    "USDBYR":19600,
    "USDBZD":1.997798,
    "USDCAD":1.25787,
    "USDCDF":1565.500615,
    "USDCHF":0.93321,
    "USDCLF":0.02202,
    "USDCLP":596.309998,
    "USDCNY":6.340503,
    "USDCOP":2903.199951,
    "USDCRC":567.150024,
    "USDCUC":1,
    "USDCUP":26.5,
    "USDCVE":89.179925,
    "USDCZK":20.553699,
    "USDDJF":176.830002,
    "USDDKK":6.03274,
    "USDDOP":48.979822,
    "USDDZD":113.544998,
    "USDEGP":17.694979,
    "USDERN":14.989883,
    "USDETB":27.200001,
    "USDEUR":0.809697,
    "USDFJD":2.022503,
    "USDFKP":0.719199,
    "USDGBP":0.72134,
    "USDGEL":2.432702,
    "USDGGP":0.721307,
    "USDGHS":4.443497,
    "USDGIP":0.719396,
    "USDGMD":46.849998,
    "USDGNF":8996.000223,
    "USDGTQ":7.336011,
    "USDGYD":204.289993,
    "USDHKD":7.821899,
    "USDHNL":23.461027,
    "USDHRK":6.012901,
    "USDHTG":63.270406,
    "USDHUF":253.080002,
    "USDIDR":13626,
    "USDILS":3.535298,
    "USDIMP":0.721307,
    "USDINR":64.095497,
    "USDIQD":1184,
    "USDIRR":37053.999442,
    "USDISK":101.269997,
    "USDJEP":0.721307,
    "USDJMD":125.120003,
    "USDJOD":0.707997,
    "USDJPY":107.300003,
    "USDKES":100.900002,
    "USDKGS":68.19399,
    "USDKHR":3992.999783,
    "USDKMF":401.779999,
    "USDKPW":899.999993,
    "USDKRW":1077.099976,
    "USDKWD":0.2997,
    "USDKYD":0.819608,
    "USDKZT":322.329987,
    "USDLAK":8265.999979,
    "USDLBP":1509.999771,
    "USDLKR":155.503045,
    "USDLRD":125.949997,
    "USDLSL":11.939634,
    "USDLTL":3.048697,
    "USDLVL":0.62055,
    "USDLYD":1.330202,
    "USDMAD":9.176505,
    "USDMDL":16.684999,
    "USDMGA":3149.999742,
    "USDMKD":49.519743,
    "USDMMK":1324.000407,
    "USDMNT":2391.26001,
    "USDMOP":8.051199,
    "USDMRO":350.000213,
    "USDMUR":31.350361,
    "USDMVR":15.570275,
    "USDMWK":713.559998,
    "USDMXN":18.606501,
    "USDMYR":3.912699,
    "USDMZN":60.299999,
    "USDNAD":11.853992,
    "USDNGN":359.000469,
    "USDNIO":30.976202,
    "USDNOK":7.86891,
    "USDNPR":102.503998,
    "USDNZD":1.367501,
    "USDOMR":0.384803,
    "USDPAB":1,
    "USDPEN":3.272989,
    "USDPGK":3.228498,
    "USDPHP":52.040001,
    "USDPKR":110.497724,
    "USDPLN":3.378979,
    "USDPYG":5547.999604,
    "USDQAR":3.6398,
    "USDRON":3.771597,
    "USDRSD":95.288498,
    "USDRUB":57.408798,
    "USDRWF":840.179993,
    "USDSAR":3.750103,
    "USDSBD":7.764499,
    "USDSCR":13.429637,
    "USDSDG":17.953199,
    "USDSEK":8.04054,
    "USDSGD":1.31954,
    "USDSHP":0.719402,
    "USDSLL":7630.000132,
    "USDSOS":562.999961,
    "USDSRD":7.420366,
    "USDSTD":19815.5,
    "USDSVC":8.750378,
    "USDSYP":514.97998,
    "USDSZL":11.862027,
    "USDTHB":31.409912,
    "USDTJS":8.819201,
    "USDTMT":3.41,
    "USDTND":2.378497,
    "USDTOP":2.212297,
    "USDTRY":3.799901,
    "USDTTD":6.629501,
    "USDTWD":29.226024,
    "USDTZS":2246.999829,
    "USDUAH":26.6004,
    "USDUGX":3629.000381,
    "USDUSD":1,
    "USDUYU":28.749846,
    "USDUZS":8174.999811,
    "USDVEF":24935.000289,
    "USDVND":22699,
    "USDVUV":106.699997,
    "USDWST":2.521498,
    "USDXAF":530.690002,
    "USDXAG":0.060167,
    "USDXAU":0.000751,
    "USDXCD":2.701791,
    "USDXDR":0.689594,
    "USDXOF":530.690002,
    "USDXPF":96.623958,
    "USDYER":249.899994,
    "USDZAR":11.839802,
    "USDZMK":9001.202967,
    "USDZMW":9.759935,
    "USDZWL":322.355011
  }
}