{
  "success":true,
  "terms":"https:\/\/currencylayer.com\/terms",
  "privacy":"https:\/\/currencylayer.com\/privacy",
  "timestamp":1518779414,
  "source":"USD",
  "quotes":{
    "USDAED":3.672502,
    "USDAFN":68.900002,
    "USDALL":105.599998,
    "USDAMD":480.799988,
    "USDANG":1.779771,
    "USDAOA":207.912994,
    "USDARS":19.649007,
    "USDAUD":1.256297,
    "USDAWG":1.78,
    "USDAZN":1.699595,
    "USDBAM":1.5689,
    "USDBBD":2,
    "USDBDT":82.910004,
    "USDBGN":1.565499,
    "USDBHD":0.376702,
    "USDBIF":1750.97998,
    "USDBMD":1,
    "USDBND":1.321701,
    "USDBOB":6.859682,
    "USDBRL":3.229898,
    "USDBSD":1,
    "USDBTC":0.000102,
    "USDBTN":64.150002,
    "USDBWP":9.420099,
    "USDBYN":1.966698,
    "USDBYR":19600,
    "USDBZD":1.997803,
    "USDCAD":1.24766,
    "USDCDF":1565.508119,
    "USDCHF":0.92282,
    "USDCLF":0.02184,
    "USDCLP":592.749914,
    "USDCNY":6.334704,
    "USDCOP":2853,
    "USDCRC":565.849976,
    "USDCUC":1,
    "USDCUP":26.5,
    "USDCVE":88.360001,
    "USDCZK":20.309898,
    "USDDJF":176.830002,
    "USDDKK":5.96858,
    "USDDOP":49.000103,
    "USDDZD":113.158997,
    "USDEGP":17.60177,
    "USDERN":14.990048,
    "USDETB":27.219999,
    "USDEUR":0.801013,
    "USDFJD":2.002975,
    "USDFKP":0.706896,
    "USDGBP":0.71096,
    "USDGEL":2.449198,
    "USDGGP":0.71098,
    "USDGHS":4.473498,
    "USDGIP":0.707101,
    "USDGMD":46.900002,
    "USDGNF":8999.000142,
    "USDGTQ":7.336005,
    "USDGYD":205.059998,
    "USDHKD":7.820698,
    "USDHNL":23.459999,
    "USDHRK":5.955199,
    "USDHTG":63.389999,
    "USDHUF":249.240005,
    "USDIDR":13557,
    "USDILS":3.539399,
    "USDIMP":0.71098,
    "USDINR":64.190002,
    "USDIQD":1184,
    "USDIRR":37053.999721,
    "USDISK":100.000287,
    "USDJEP":0.71098,
    "USDJMD":124.989998,
    "USDJOD":0.7075,
    "USDJPY":106.124978,
    "USDKES":101.000036,
    "USDKGS":68.143997,
    "USDKHR":4015.999804,
    "USDKMF":397.299988,
    "USDKPW":899.999767,
    "USDKRW":1063.72998,
    "USDKWD":0.298903,
    "USDKYD":0.819421,
    "USDKZT":319.51001,
    "USDLAK":8261.000126,
    "USDLBP":1510.000355,
    "USDLKR":155.100006,
    "USDLRD":127.510002,
    "USDLSL":11.629638,
    "USDLTL":3.048704,
    "USDLVL":0.62055,
    "USDLYD":1.327204,
    "USDMAD":9.120704,
    "USDMDL":16.565001,
    "USDMGA":3114.999589,
    "USDMKD":49.070212,
    "USDMMK":1326.999733,
    "USDMNT":2391.999755,
    "USDMOP":8.052015,
    "USDMRO":349.99975,
    "USDMUR":32.319877,
    "USDMVR":15.570182,
    "USDMWK":713.504285,
    "USDMXN":18.503599,
    "USDMYR":3.888798,
    "USDMZN":61.349998,
    "USDNAD":11.616979,
    "USDNGN":356.999842,
    "USDNIO":30.984501,
    "USDNOK":7.76965,
    "USDNPR":102.568001,
    "USDNZD":1.348897,
    "USDOMR":0.384803,
    "USDPAB":1,
    "USDPEN":3.244012,
    "USDPGK":3.239035,
    "USDPHP":52.360001,
    "USDPKR":110.537889,
    "USDPLN":3.331705,
    "USDPYG":5553.99976,
    "USDQAR":3.6398,
    "USDRON":3.730797,
    "USDRSD":95.288498,
    "USDRUB":56.415501,
    "USDRWF":840.330017,
    "USDSAR":3.74976,
    "USDSBD":7.767501,
    "USDSCR":13.459798,
    "USDSDG":17.953199,
    "USDSEK":7.94261,
    "USDSGD":1.30914,
    "USDSHP":0.707102,
    "USDSLL":7630.0003,
    "USDSOS":562.999719,
    "USDSRD":7.419765,
    "USDSTD":19634.5,
    "USDSVC":8.749539,
    "USDSYP":514.97998,
    "USDSZL":11.619684,
    "USDTHB":31.270319,
    "USDTJS":8.816499,
    "USDTMT":3.41,
    "USDTND":2.378502,
    "USDTOP":2.212302,
    "USDTRY":3.7525,
    "USDTTD":6.629497,
    "USDTWD":29.040969,
    "USDTZS":2246.999773,
    "USDUAH":26.979622,
    "USDUGX":3627.000125,
    "USDUSD":1,
    "USDUYU":28.849936,
    "USDUZS":8170.999953,
    "USDVEF":24937.000097,
    "USDVND":22694,
    "USDVUV":105.400002,
    "USDWST":2.506901,
    "USDXAF":524.98999,
    "USDXAG":0.059296,
    "USDXAU":0.000736,
    "USDXCD":2.673613,
    "USDXDR":0.685593,
    "USDXOF":524.98999,
    "USDXPF":95.366993,
    "USDYER":249.949997,
    "USDZAR":11.623002,
    "USDZMK":9001.216069,
    "USDZMW":9.770248,
    "USDZWL":322.355011
  }
}