{
  "success":true,
  "terms":"https:\/\/currencylayer.com\/terms",
  "privacy":"https:\/\/currencylayer.com\/privacy",
  "timestamp":1518533117,
  "source":"USD",
  "quotes":{
    "USDAED":3.672503,
    "USDAFN":68.870003,
    "USDALL":107.680256,
    "USDAMD":481.880005,
    "USDANG":1.780135,
    "USDAOA":210.117004,
    "USDARS":19.969999,
    "USDAUD":1.276022,
    "USDAWG":1.78,
    "USDAZN":1.699601,
    "USDBAM":1.585401,
    "USDBBD":2,
    "USDBDT":82.879997,
    "USDBGN":1.594901,
    "USDBHD":0.376698,
    "USDBIF":1750.97998,
    "USDBMD":1,
    "USDBND":1.324303,
    "USDBOB":6.859499,
    "USDBRL":3.280796,
    "USDBSD":1,
    "USDBTC":0.000116,
    "USDBTN":64.300003,
    "USDBWP":9.601101,
    "USDBYN":1.99046,
    "USDBYR":19600,
    "USDBZD":1.997803,
    "USDCAD":1.26159,
    "USDCDF":1565.501311,
    "USDCHF":0.934341,
    "USDCLF":0.02195,
    "USDCLP":595.890015,
    "USDCNY":6.339898,
    "USDCOP":2901,
    "USDCRC":567.150024,
    "USDCUC":1,
    "USDCUP":26.5,
    "USDCVE":89.269997,
    "USDCZK":20.552017,
    "USDDJF":176.830002,
    "USDDKK":6.03056,
    "USDDOP":48.919998,
    "USDDZD":113.790001,
    "USDEGP":17.690001,
    "USDERN":14.990037,
    "USDETB":27.200001,
    "USDEUR":0.809202,
    "USDFJD":2.009891,
    "USDFKP":0.719099,
    "USDGBP":0.71999,
    "USDGEL":2.438802,
    "USDGGP":0.719998,
    "USDGHS":4.468501,
    "USDGIP":0.719402,
    "USDGMD":46.810001,
    "USDGNF":8995.999666,
    "USDGTQ":7.335959,
    "USDGYD":205.479996,
    "USDHKD":7.820303,
    "USDHNL":23.461984,
    "USDHRK":6.014898,
    "USDHTG":63.389999,
    "USDHUF":252.610001,
    "USDIDR":13655,
    "USDILS":3.533963,
    "USDIMP":0.719998,
    "USDINR":64.227602,
    "USDIQD":1184,
    "USDIRR":36997.999979,
    "USDISK":101.349998,
    "USDJEP":0.719998,
    "USDJMD":125.069714,
    "USDJOD":0.708046,
    "USDJPY":107.684998,
    "USDKES":100.949997,
    "USDKGS":68.401001,
    "USDKHR":4017.99983,
    "USDKMF":401.799988,
    "USDKPW":899.999882,
    "USDKRW":1082.819946,
    "USDKWD":0.300338,
    "USDKYD":0.819847,
    "USDKZT":323.660004,
    "USDLAK":8272.000363,
    "USDLBP":1509.999924,
    "USDLKR":154.850006,
    "USDLRD":125.669998,
    "USDLSL":11.930602,
    "USDLTL":3.048705,
    "USDLVL":0.62055,
    "USDLYD":1.330199,
    "USDMAD":9.182201,
    "USDMDL":16.634974,
    "USDMGA":3169.999677,
    "USDMKD":49.570368,
    "USDMMK":1323.999709,
    "USDMNT":2396.000176,
    "USDMOP":8.049898,
    "USDMRO":350.000368,
    "USDMUR":32.750029,
    "USDMVR":15.569627,
    "USDMWK":713.450012,
    "USDMXN":18.633801,
    "USDMYR":3.937008,
    "USDMZN":61.299999,
    "USDNAD":11.971997,
    "USDNGN":358.000279,
    "USDNIO":30.89611,
    "USDNOK":7.89992,
    "USDNPR":102.907997,
    "USDNZD":1.374103,
    "USDOMR":0.3848,
    "USDPAB":1,
    "USDPEN":3.26801,
    "USDPGK":3.154998,
    "USDPHP":52.060001,
    "USDPKR":110.459999,
    "USDPLN":3.378802,
    "USDPYG":5566.799805,
    "USDQAR":3.639801,
    "USDRON":3.770897,
    "USDRSD":95.866203,
    "USDRUB":57.876202,
    "USDRWF":840.179993,
    "USDSAR":3.749983,
    "USDSBD":7.734396,
    "USDSCR":13.429882,
    "USDSDG":17.953199,
    "USDSEK":8.04938,
    "USDSGD":1.32252,
    "USDSHP":0.719398,
    "USDSLL":7629.999759,
    "USDSOS":562.999647,
    "USDSRD":7.41993,
    "USDSTD":19836.400391,
    "USDSVC":8.750108,
    "USDSYP":514.97998,
    "USDSZL":11.981399,
    "USDTHB":31.480263,
    "USDTJS":8.819702,
    "USDTMT":3.4,
    "USDTND":2.383502,
    "USDTOP":2.212299,
    "USDTRY":3.809397,
    "USDTTD":6.732902,
    "USDTWD":29.292038,
    "USDTZS":2246.000197,
    "USDUAH":26.690001,
    "USDUGX":3627.00035,
    "USDUSD":1,
    "USDUYU":28.759742,
    "USDUZS":8164.999984,
    "USDVEF":24938.000061,
    "USDVND":22714,
    "USDVUV":106.699997,
    "USDWST":2.535601,
    "USDXAF":530.48999,
    "USDXAG":0.060645,
    "USDXAU":0.000755,
    "USDXCD":2.704007,
    "USDXDR":0.689594,
    "USDXOF":530.48999,
    "USDXPF":97.550251,
    "USDYER":249.949997,
    "USDZAR":11.986899,
    "USDZMK":9001.197895,
    "USDZMW":9.729396,
    "USDZWL":322.355011
  }
}