{
  "success":true,
  "terms":"https:\/\/currencylayer.com\/terms",
  "privacy":"https:\/\/currencylayer.com\/privacy",
  "timestamp":1518885070,
  "source":"USD",
  "quotes":{
    "USDAED":3.672304,
    "USDAFN":68.889999,
    "USDALL":106.349998,
    "USDAMD":480.440002,
    "USDANG":1.780403,
    "USDAOA":207.912994,
    "USDARS":19.759001,
    "USDAUD":1.261804,
    "USDAWG":1.78,
    "USDAZN":1.699604,
    "USDBAM":1.577604,
    "USDBBD":2,
    "USDBDT":82.870003,
    "USDBGN":1.569204,
    "USDBHD":0.376904,
    "USDBIF":1750.97998,
    "USDBMD":1,
    "USDBND":1.321704,
    "USDBOB":6.860399,
    "USDBRL":3.230804,
    "USDBSD":1,
    "USDBTC":9.3e-5,
    "USDBTN":64.150002,
    "USDBWP":9.420104,
    "USDBYN":1.950398,
    "USDBYR":19600,
    "USDBZD":1.997804,
    "USDCAD":1.254804,
    "USDCDF":1565.50392,
    "USDCHF":0.92622,
    "USDCLF":0.02184,
    "USDCLP":593.299988,
    "USDCNY":6.343704,
    "USDCOP":2833,
    "USDCRC":565.830017,
    "USDCUC":1,
    "USDCUP":26.5,
    "USDCVE":88.879997,
    "USDCZK":20.424999,
    "USDDJF":176.830002,
    "USDDKK":6.00309,
    "USDDOP":48.830002,
    "USDDZD":113.198997,
    "USDEGP":17.603881,
    "USDERN":15.290392,
    "USDETB":27.230392,
    "USDEUR":0.805304,
    "USDFJD":1.990504,
    "USDFKP":0.713204,
    "USDGBP":0.71288,
    "USDGEL":2.449204,
    "USDGGP":0.712885,
    "USDGHS":4.518504,
    "USDGIP":0.713404,
    "USDGMD":46.91039,
    "USDGNF":8998.000355,
    "USDGTQ":7.33604,
    "USDGYD":205.479996,
    "USDHKD":7.820804,
    "USDHNL":23.503841,
    "USDHRK":5.975104,
    "USDHTG":63.389999,
    "USDHUF":250.729996,
    "USDIDR":13555,
    "USDILS":3.54304,
    "USDIMP":0.712885,
    "USDINR":64.238998,
    "USDIQD":1184,
    "USDIRR":37054.000352,
    "USDISK":100.050003,
    "USDJEP":0.712885,
    "USDJMD":124.989998,
    "USDJOD":0.707504,
    "USDJPY":106.125999,
    "USDKES":101.150002,
    "USDKGS":68.143997,
    "USDKHR":3995.000351,
    "USDKMF":395.450012,
    "USDKPW":900.00035,
    "USDKRW":1065.689941,
    "USDKWD":0.299039,
    "USDKYD":0.820383,
    "USDKZT":319.51001,
    "USDLAK":8280.000349,
    "USDLBP":1505.400024,
    "USDLKR":155.119995,
    "USDLRD":127.510002,
    "USDLSL":11.645039,
    "USDLTL":3.048704,
    "USDLVL":0.62055,
    "USDLYD":1.322804,
    "USDMAD":9.155404,
    "USDMDL":16.565001,
    "USDMGA":3115.000347,
    "USDMKD":49.349998,
    "USDMMK":1327.000346,
    "USDMNT":2392.000346,
    "USDMOP":8.052039,
    "USDMRO":349.000346,
    "USDMUR":32.000346,
    "USDMVR":15.570378,
    "USDMWK":713.440002,
    "USDMXN":18.514039,
    "USDMYR":3.891039,
    "USDMZN":60.360001,
    "USDNAD":11.627039,
    "USDNGN":359.000344,
    "USDNIO":30.903725,
    "USDNOK":7.778504,
    "USDNPR":102.676003,
    "USDNZD":1.353704,
    "USDOMR":0.384804,
    "USDPAB":1,
    "USDPEN":3.249504,
    "USDPGK":3.145039,
    "USDPHP":52.200001,
    "USDPKR":110.349998,
    "USDPLN":3.351304,
    "USDPYG":5569.100098,
    "USDQAR":3.639804,
    "USDRON":3.757204,
    "USDRSD":95.288498,
    "USDRUB":56.398998,
    "USDRWF":840.5,
    "USDSAR":3.749904,
    "USDSBD":7.764504,
    "USDSCR":13.335038,
    "USDSDG":17.953199,
    "USDSEK":7.963304,
    "USDSGD":1.31069,
    "USDSHP":0.713404,
    "USDSLL":7630.000339,
    "USDSOS":562.000338,
    "USDSRD":7.403664,
    "USDSTD":19750.099609,
    "USDSVC":8.75037,
    "USDSYP":514.97998,
    "USDSZL":11.628038,
    "USDTHB":31.280001,
    "USDTJS":8.816504,
    "USDTMT":3.4,
    "USDTND":2.373038,
    "USDTOP":2.212304,
    "USDTRY":3.741038,
    "USDTTD":6.735704,
    "USDTWD":29.059038,
    "USDTZS":2246.000336,
    "USDUAH":26.995001,
    "USDUGX":3622.000335,
    "USDUSD":1,
    "USDUYU":28.459999,
    "USDUZS":8168.000335,
    "USDVEF":24938.000334,
    "USDVND":22694,
    "USDVUV":105.400002,
    "USDWST":2.506904,
    "USDXAF":527.900024,
    "USDXAG":0.060029,
    "USDXAU":0.000742,
    "USDXCD":2.703606,
    "USDXDR":0.685036,
    "USDXOF":527.900024,
    "USDXPF":96.3036,
    "USDYER":249.949997,
    "USDZAR":11.629804,
    "USDZMK":9001.203593,
    "USDZMW":9.830363,
    "USDZWL":322.355011
  }
}