{
  "success":true,
  "terms":"https:\/\/currencylayer.com\/terms",
  "privacy":"https:\/\/currencylayer.com\/privacy",
  "timestamp":1518529806,
  "source":"USD",
  "quotes":{
    "USDAED":3.672495,
    "USDAFN":68.870003,
    "USDALL":107.680303,
    "USDAMD":481.880005,
    "USDANG":1.779705,
    "USDAOA":210.117004,
    "USDARS":19.969999,
    "USDAUD":1.273602,
    "USDAWG":1.78,
    "USDAZN":1.6996,
    "USDBAM":1.586988,
    "USDBBD":2,
    "USDBDT":82.879997,
    "USDBGN":1.594902,
    "USDBHD":0.376698,
    "USDBIF":1750.97998,
    "USDBMD":1,
    "USDBND":1.324301,
    "USDBOB":6.859451,
    "USDBRL":3.282298,
    "USDBSD":1,
    "USDBTC":0.000117,
    "USDBTN":64.300003,
    "USDBWP":9.601105,
    "USDBYN":1.989992,
    "USDBYR":19600,
    "USDBZD":1.997799,
    "USDCAD":1.25867,
    "USDCDF":1565.503315,
    "USDCHF":0.93462,
    "USDCLF":0.02199,
    "USDCLP":596.72998,
    "USDCNY":6.340901,
    "USDCOP":2895.5,
    "USDCRC":566.690002,
    "USDCUC":1,
    "USDCUP":26.5,
    "USDCVE":89.370003,
    "USDCZK":20.564699,
    "USDDJF":176.830002,
    "USDDKK":6.035971,
    "USDDOP":48.81992,
    "USDDZD":113.899002,
    "USDEGP":17.692499,
    "USDERN":15.270377,
    "USDETB":27.209999,
    "USDEUR":0.810101,
    "USDFJD":2.010348,
    "USDFKP":0.719098,
    "USDGBP":0.72076,
    "USDGEL":2.438799,
    "USDGGP":0.7209,
    "USDGHS":4.468497,
    "USDGIP":0.719404,
    "USDGMD":46.810001,
    "USDGNF":8995.000213,
    "USDGTQ":7.335958,
    "USDGYD":205.479996,
    "USDHKD":7.82154,
    "USDHNL":23.502001,
    "USDHRK":6.022098,
    "USDHTG":63.389999,
    "USDHUF":252.880005,
    "USDIDR":13655,
    "USDILS":3.531496,
    "USDIMP":0.7209,
    "USDINR":64.252502,
    "USDIQD":1184,
    "USDIRR":36997.999736,
    "USDISK":101.349998,
    "USDJEP":0.7209,
    "USDJMD":125.069828,
    "USDJOD":0.707974,
    "USDJPY":107.623001,
    "USDKES":100.999907,
    "USDKGS":68.401001,
    "USDKHR":4018.000456,
    "USDKMF":401.799988,
    "USDKPW":899.99982,
    "USDKRW":1082.790039,
    "USDKWD":0.301869,
    "USDKYD":0.820088,
    "USDKZT":323.660004,
    "USDLAK":8272.000243,
    "USDLBP":1505.496692,
    "USDLKR":154.850006,
    "USDLRD":125.669998,
    "USDLSL":11.930196,
    "USDLTL":3.048704,
    "USDLVL":0.62055,
    "USDLYD":1.3302,
    "USDMAD":9.1888,
    "USDMDL":16.635005,
    "USDMGA":3169.99964,
    "USDMKD":49.619999,
    "USDMMK":1323.999838,
    "USDMNT":2395.999894,
    "USDMOP":8.049906,
    "USDMRO":349.999914,
    "USDMUR":32.749714,
    "USDMVR":15.570285,
    "USDMWK":713.450012,
    "USDMXN":18.600298,
    "USDMYR":3.937025,
    "USDMZN":60.310001,
    "USDNAD":11.957025,
    "USDNGN":357.999969,
    "USDNIO":30.972099,
    "USDNOK":7.89346,
    "USDNPR":102.907997,
    "USDNZD":1.3728,
    "USDOMR":0.384804,
    "USDPAB":1,
    "USDPEN":3.264979,
    "USDPGK":3.155026,
    "USDPHP":52.090141,
    "USDPKR":110.459999,
    "USDPLN":3.383796,
    "USDPYG":5565.899902,
    "USDQAR":3.639799,
    "USDRON":3.771196,
    "USDRSD":95.866203,
    "USDRUB":57.771198,
    "USDRWF":840.179993,
    "USDSAR":3.750326,
    "USDSBD":7.734402,
    "USDSCR":13.340236,
    "USDSDG":17.953199,
    "USDSEK":8.05256,
    "USDSGD":1.32248,
    "USDSHP":0.719396,
    "USDSLL":7629.999628,
    "USDSOS":563.000203,
    "USDSRD":7.400338,
    "USDSTD":19857.300781,
    "USDSVC":8.750219,
    "USDSYP":514.97998,
    "USDSZL":11.973201,
    "USDTHB":31.489753,
    "USDTJS":8.819702,
    "USDTMT":3.41,
    "USDTND":2.398203,
    "USDTOP":2.212299,
    "USDTRY":3.801395,
    "USDTTD":6.6295,
    "USDTWD":29.30494,
    "USDTZS":2246.00026,
    "USDUAH":26.690001,
    "USDUGX":3626.999453,
    "USDUSD":1,
    "USDUYU":28.729881,
    "USDUZS":8164.999843,
    "USDVEF":24937.999719,
    "USDVND":22714,
    "USDVUV":106.699997,
    "USDWST":2.535597,
    "USDXAF":531.059998,
    "USDXAG":0.060394,
    "USDXAU":0.000754,
    "USDXCD":2.702086,
    "USDXDR":0.691536,
    "USDXOF":531.059998,
    "USDXPF":96.620079,
    "USDYER":249.949997,
    "USDZAR":11.967801,
    "USDZMK":9001.202409,
    "USDZMW":9.750282,
    "USDZWL":322.355011
  }
}