{
  "success":true,
  "terms":"https:\/\/currencylayer.com\/terms",
  "privacy":"https:\/\/currencylayer.com\/privacy",
  "timestamp":1518708070,
  "source":"USD",
  "quotes":{
    "USDAED":3.672496,
    "USDAFN":68.900002,
    "USDALL":106.269997,
    "USDAMD":480.799988,
    "USDANG":1.78021,
    "USDAOA":210.731995,
    "USDARS":19.735001,
    "USDAUD":1.263296,
    "USDAWG":1.78,
    "USDAZN":1.699597,
    "USDBAM":1.569098,
    "USDBBD":2,
    "USDBDT":82.879997,
    "USDBGN":1.5655,
    "USDBHD":0.3767,
    "USDBIF":1750.97998,
    "USDBMD":1,
    "USDBND":1.322701,
    "USDBOB":6.860302,
    "USDBRL":3.233401,
    "USDBSD":1,
    "USDBTC":0.000102,
    "USDBTN":64.150002,
    "USDBWP":9.491702,
    "USDBYN":1.969803,
    "USDBYR":19600,
    "USDBZD":1.997803,
    "USDCAD":1.25159,
    "USDCDF":1565.499735,
    "USDCHF":0.92454,
    "USDCLF":0.02183,
    "USDCLP":593.549988,
    "USDCNY":6.343698,
    "USDCOP":2845.399902,
    "USDCRC":565.849976,
    "USDCUC":1,
    "USDCUP":26.5,
    "USDCVE":88.360001,
    "USDCZK":20.323299,
    "USDDJF":176.830002,
    "USDDKK":5.96796,
    "USDDOP":48.999848,
    "USDDZD":113.124001,
    "USDEGP":17.655001,
    "USDERN":14.990507,
    "USDETB":27.200001,
    "USDEUR":0.800981,
    "USDFJD":2.0105,
    "USDFKP":0.710499,
    "USDGBP":0.71091,
    "USDGEL":2.437972,
    "USDGGP":0.711082,
    "USDGHS":4.469754,
    "USDGIP":0.710803,
    "USDGMD":46.900002,
    "USDGNF":8999.999859,
    "USDGTQ":7.33598,
    "USDGYD":205.479996,
    "USDHKD":7.82069,
    "USDHNL":23.459999,
    "USDHRK":5.954298,
    "USDHTG":63.270403,
    "USDHUF":249.440002,
    "USDIDR":13557,
    "USDILS":3.524696,
    "USDIMP":0.711082,
    "USDINR":63.909498,
    "USDIQD":1184,
    "USDIRR":37060.000154,
    "USDISK":99.839996,
    "USDJEP":0.711082,
    "USDJMD":124.790001,
    "USDJOD":0.708895,
    "USDJPY":106.360001,
    "USDKES":101.050003,
    "USDKGS":68.027027,
    "USDKHR":3999.9998,
    "USDKMF":394.350006,
    "USDKPW":900.000273,
    "USDKRW":1064.630005,
    "USDKWD":0.298998,
    "USDKYD":0.819947,
    "USDKZT":320.109985,
    "USDLAK":8261.000117,
    "USDLBP":1509.999898,
    "USDLKR":154.850006,
    "USDLRD":126.260002,
    "USDLSL":11.704997,
    "USDLTL":3.048699,
    "USDLVL":0.62055,
    "USDLYD":1.327298,
    "USDMAD":9.119615,
    "USDMDL":16.625043,
    "USDMGA":3135.000363,
    "USDMKD":49.060001,
    "USDMMK":1326.999599,
    "USDMNT":2386.00007,
    "USDMOP":8.052001,
    "USDMRO":352.869995,
    "USDMUR":32.200001,
    "USDMVR":15.202884,
    "USDMWK":713.450012,
    "USDMXN":18.489099,
    "USDMYR":3.890984,
    "USDMZN":60.389999,
    "USDNAD":11.633031,
    "USDNGN":358.00026,
    "USDNIO":30.910054,
    "USDNOK":7.80281,
    "USDNPR":102.283997,
    "USDNZD":1.354402,
    "USDOMR":0.384798,
    "USDPAB":1,
    "USDPEN":3.245703,
    "USDPGK":3.228496,
    "USDPHP":52.240002,
    "USDPKR":110.459999,
    "USDPLN":3.328961,
    "USDPYG":5569.299805,
    "USDQAR":3.639798,
    "USDRON":3.732305,
    "USDRSD":95.288498,
    "USDRUB":56.491699,
    "USDRWF":840.349976,
    "USDSAR":3.749397,
    "USDSBD":7.749402,
    "USDSCR":13.598534,
    "USDSDG":17.929694,
    "USDSEK":7.95382,
    "USDSGD":1.31161,
    "USDSHP":0.7108,
    "USDSLL":7725.000336,
    "USDSOS":563.000468,
    "USDSRD":7.42022,
    "USDSTD":19632.900391,
    "USDSVC":8.750305,
    "USDSYP":514.97998,
    "USDSZL":11.633009,
    "USDTHB":31.259845,
    "USDTJS":8.821101,
    "USDTMT":3.4,
    "USDTND":2.364499,
    "USDTOP":2.212302,
    "USDTRY":3.768599,
    "USDTTD":6.7548,
    "USDTWD":28.985992,
    "USDTZS":2244.999922,
    "USDUAH":26.780001,
    "USDUGX":3627.00003,
    "USDUSD":1,
    "USDUYU":28.50521,
    "USDUZS":8169.99991,
    "USDVEF":24938.000226,
    "USDVND":22694,
    "USDVUV":105.650002,
    "USDWST":2.506903,
    "USDXAF":525.059998,
    "USDXAG":0.05973,
    "USDXAU":0.000741,
    "USDXCD":2.697429,
    "USDXDR":0.685593,
    "USDXOF":525.059998,
    "USDXPF":96.624979,
    "USDYER":249.899994,
    "USDZAR":11.632498,
    "USDZMK":9001.207442,
    "USDZMW":9.729989,
    "USDZWL":322.355011
  }
}