{
  "success":true,
  "terms":"https:\/\/currencylayer.com\/terms",
  "privacy":"https:\/\/currencylayer.com\/privacy",
  "timestamp":1518772809,
  "source":"USD",
  "quotes":{
    "USDAED":3.672503,
    "USDAFN":68.900002,
    "USDALL":105.599998,
    "USDAMD":480.799988,
    "USDANG":1.780288,
    "USDAOA":207.912994,
    "USDARS":19.648985,
    "USDAUD":1.252598,
    "USDAWG":1.78,
    "USDAZN":1.6996,
    "USDBAM":1.561905,
    "USDBBD":2,
    "USDBDT":82.910004,
    "USDBGN":1.565497,
    "USDBHD":0.376698,
    "USDBIF":1750.97998,
    "USDBMD":1,
    "USDBND":1.321699,
    "USDBOB":6.859494,
    "USDBRL":3.227198,
    "USDBSD":1,
    "USDBTC":0.000101,
    "USDBTN":64.150002,
    "USDBWP":9.4201,
    "USDBYN":1.9667,
    "USDBYR":19600,
    "USDBZD":1.997803,
    "USDCAD":1.24545,
    "USDCDF":1565.50124,
    "USDCHF":0.919591,
    "USDCLF":0.02184,
    "USDCLP":592.750466,
    "USDCNY":6.334701,
    "USDCOP":2853,
    "USDCRC":565.849976,
    "USDCUC":1,
    "USDCUP":26.5,
    "USDCVE":87.970001,
    "USDCZK":20.2327,
    "USDDJF":176.830002,
    "USDDKK":5.94242,
    "USDDOP":48.999686,
    "USDDZD":112.782997,
    "USDEGP":17.59885,
    "USDERN":14.989854,
    "USDETB":27.219999,
    "USDEUR":0.797496,
    "USDFJD":2.002982,
    "USDFKP":0.706898,
    "USDGBP":0.70877,
    "USDGEL":2.449202,
    "USDGGP":0.708726,
    "USDGHS":4.438503,
    "USDGIP":0.7071,
    "USDGMD":46.900002,
    "USDGNF":8999.000273,
    "USDGTQ":7.33597,
    "USDGYD":205.059998,
    "USDHKD":7.820097,
    "USDHNL":23.459999,
    "USDHRK":5.928805,
    "USDHTG":63.389999,
    "USDHUF":248.080002,
    "USDIDR":13557,
    "USDILS":3.526798,
    "USDIMP":0.708726,
    "USDINR":64.047501,
    "USDIQD":1184,
    "USDIRR":37053.999907,
    "USDISK":99.999997,
    "USDJEP":0.708726,
    "USDJMD":124.989998,
    "USDJOD":0.708025,
    "USDJPY":105.902966,
    "USDKES":100.949997,
    "USDKGS":68.026993,
    "USDKHR":4015.999714,
    "USDKMF":397.299988,
    "USDKPW":900.000029,
    "USDKRW":1061.719971,
    "USDKWD":0.298899,
    "USDKYD":0.819704,
    "USDKZT":319.649994,
    "USDLAK":8261.000172,
    "USDLBP":1509.99986,
    "USDLKR":154.899994,
    "USDLRD":127.510002,
    "USDLSL":11.630257,
    "USDLTL":3.0487,
    "USDLVL":0.62055,
    "USDLYD":1.327202,
    "USDMAD":9.095501,
    "USDMDL":16.565001,
    "USDMGA":3115.000042,
    "USDMKD":48.849998,
    "USDMMK":1324.00024,
    "USDMNT":2391.999893,
    "USDMOP":8.052015,
    "USDMRO":350.000521,
    "USDMUR":32.320301,
    "USDMVR":15.569752,
    "USDMWK":716.119995,
    "USDMXN":18.475103,
    "USDMYR":3.888604,
    "USDMZN":60.299999,
    "USDNAD":11.594987,
    "USDNGN":356.999671,
    "USDNIO":30.984501,
    "USDNOK":7.72553,
    "USDNPR":102.431999,
    "USDNZD":1.345203,
    "USDOMR":0.384802,
    "USDPAB":1,
    "USDPEN":3.243979,
    "USDPGK":3.238995,
    "USDPHP":52.209999,
    "USDPKR":110.497731,
    "USDPLN":3.312202,
    "USDPYG":5554.000293,
    "USDQAR":3.639802,
    "USDRON":3.715102,
    "USDRSD":95.288498,
    "USDRUB":56.340505,
    "USDRWF":840.330017,
    "USDSAR":3.750099,
    "USDSBD":7.767502,
    "USDSCR":13.459628,
    "USDSDG":17.953199,
    "USDSEK":7.91103,
    "USDSGD":1.30679,
    "USDSHP":0.707101,
    "USDSLL":7629.999542,
    "USDSOS":562.99998,
    "USDSRD":7.419846,
    "USDSTD":19548.300781,
    "USDSVC":8.750085,
    "USDSYP":514.97998,
    "USDSZL":11.595984,
    "USDTHB":31.219999,
    "USDTJS":8.816499,
    "USDTMT":3.41,
    "USDTND":2.3574,
    "USDTOP":2.212297,
    "USDTRY":3.759599,
    "USDTTD":6.629499,
    "USDTWD":29.014999,
    "USDTZS":2245.000248,
    "USDUAH":26.9895,
    "USDUGX":3624.999965,
    "USDUSD":1,
    "USDUYU":28.849739,
    "USDUZS":8171.000085,
    "USDVEF":24937.000209,
    "USDVND":22694,
    "USDVUV":105.400002,
    "USDWST":2.506901,
    "USDXAF":522.640015,
    "USDXAG":0.059082,
    "USDXAU":0.000735,
    "USDXCD":2.689738,
    "USDXDR":0.685593,
    "USDXOF":522.640015,
    "USDXPF":95.367046,
    "USDYER":249.949997,
    "USDZAR":11.597904,
    "USDZMK":9001.197237,
    "USDZMW":9.779758,
    "USDZWL":322.355011
  }
}