{
  "success":true,
  "terms":"https:\/\/currencylayer.com\/terms",
  "privacy":"https:\/\/currencylayer.com\/privacy",
  "timestamp":1518704770,
  "source":"USD",
  "quotes":{
    "USDAED":3.672902,
    "USDAFN":68.900002,
    "USDALL":106.269997,
    "USDAMD":480.799988,
    "USDANG":1.779728,
    "USDAOA":210.731995,
    "USDARS":19.70396,
    "USDAUD":1.261503,
    "USDAWG":1.78,
    "USDAZN":1.699602,
    "USDBAM":1.568699,
    "USDBBD":2,
    "USDBDT":82.879997,
    "USDBGN":1.5839,
    "USDBHD":0.376702,
    "USDBIF":1741,
    "USDBMD":1,
    "USDBND":1.3227,
    "USDBOB":6.859449,
    "USDBRL":3.228596,
    "USDBSD":0.99,
    "USDBTC":0.000102,
    "USDBTN":64.150002,
    "USDBWP":9.491697,
    "USDBYN":1.969928,
    "USDBYR":19600,
    "USDBZD":1.997802,
    "USDCAD":1.25072,
    "USDCDF":1565.501658,
    "USDCHF":0.92454,
    "USDCLF":0.021799,
    "USDCLP":592.020021,
    "USDCNY":6.343798,
    "USDCOP":2852.5,
    "USDCRC":565.849976,
    "USDCUC":1,
    "USDCUP":26.5,
    "USDCVE":88.339996,
    "USDCZK":20.327801,
    "USDDJF":176.830002,
    "USDDKK":5.96785,
    "USDDOP":48.999816,
    "USDDZD":113.071999,
    "USDEGP":17.649899,
    "USDERN":14.990052,
    "USDETB":27.200001,
    "USDEUR":0.800903,
    "USDFJD":2.0105,
    "USDFKP":0.710499,
    "USDGBP":0.71053,
    "USDGEL":2.438055,
    "USDGGP":0.71061,
    "USDGHS":4.4685,
    "USDGIP":0.710799,
    "USDGMD":46.869999,
    "USDGNF":8999.999941,
    "USDGTQ":7.336037,
    "USDGYD":205.479996,
    "USDHKD":7.820899,
    "USDHNL":23.459999,
    "USDHRK":5.954018,
    "USDHTG":63.270201,
    "USDHUF":249.360001,
    "USDIDR":13555,
    "USDILS":3.521803,
    "USDIMP":0.71061,
    "USDINR":63.913601,
    "USDIQD":1180,
    "USDIRR":37054.000193,
    "USDISK":99.839996,
    "USDJEP":0.71061,
    "USDJMD":124.790001,
    "USDJOD":0.708498,
    "USDJPY":106.519997,
    "USDKES":100.970001,
    "USDKGS":68.026969,
    "USDKHR":4000.000258,
    "USDKMF":397.350006,
    "USDKPW":900.000192,
    "USDKRW":1064.189941,
    "USDKWD":0.299296,
    "USDKYD":0.819704,
    "USDKZT":320.109985,
    "USDLAK":8261.000211,
    "USDLBP":1509.999736,
    "USDLKR":154.850006,
    "USDLRD":126.260002,
    "USDLSL":11.705029,
    "USDLTL":3.048701,
    "USDLVL":0.62055,
    "USDLYD":1.327298,
    "USDMAD":9.120203,
    "USDMDL":16.624957,
    "USDMGA":3135.000219,
    "USDMKD":49.060001,
    "USDMMK":1327.000112,
    "USDMNT":2386.000546,
    "USDMOP":8.051969,
    "USDMRO":349.99953,
    "USDMUR":31.999844,
    "USDMVR":15.570262,
    "USDMWK":713.450012,
    "USDMXN":18.491501,
    "USDMYR":3.890984,
    "USDMZN":60.389999,
    "USDNAD":11.647031,
    "USDNGN":356.999703,
    "USDNIO":30.91004,
    "USDNOK":7.80447,
    "USDNPR":102.283997,
    "USDNZD":1.354198,
    "USDOMR":0.384802,
    "USDPAB":1,
    "USDPEN":3.244972,
    "USDPGK":3.228502,
    "USDPHP":52.209999,
    "USDPKR":110.459999,
    "USDPLN":3.329599,
    "USDPYG":5562.399902,
    "USDQAR":3.6413,
    "USDRON":3.732201,
    "USDRSD":95.288498,
    "USDRUB":56.660251,
    "USDRWF":840.349976,
    "USDSAR":3.750358,
    "USDSBD":7.749403,
    "USDSCR":13.430214,
    "USDSDG":17.953199,
    "USDSEK":7.94944,
    "USDSGD":1.31201,
    "USDSHP":0.710802,
    "USDSLL":7629.999894,
    "USDSOS":562.000293,
    "USDSRD":7.419725,
    "USDSTD":19629.800781,
    "USDSVC":8.749689,
    "USDSYP":514.97998,
    "USDSZL":11.659023,
    "USDTHB":31.290001,
    "USDTJS":8.821102,
    "USDTMT":3.4,
    "USDTND":2.364402,
    "USDTOP":2.212302,
    "USDTRY":3.7701,
    "USDTTD":6.629495,
    "USDTWD":28.97601,
    "USDTZS":2244.999818,
    "USDUAH":26.780001,
    "USDUGX":3627.000218,
    "USDUSD":1,
    "USDUYU":28.57959,
    "USDUZS":8169.999886,
    "USDVEF":24938.000141,
    "USDVND":22700,
    "USDVUV":105.650002,
    "USDWST":2.5069,
    "USDXAF":524.909973,
    "USDXAG":0.059247,
    "USDXAU":0.000739,
    "USDXCD":2.707781,
    "USDXDR":0.685593,
    "USDXOF":524.909973,
    "USDXPF":96.624999,
    "USDYER":249.850006,
    "USDZAR":11.655597,
    "USDZMK":9001.201257,
    "USDZMW":9.729554,
    "USDZWL":322.355011
  }
}