{
  "success":true,
  "terms":"https:\/\/currencylayer.com\/terms",
  "privacy":"https:\/\/currencylayer.com\/privacy",
  "timestamp":1518618908,
  "source":"USD",
  "quotes":{
    "USDAED":3.672904,
    "USDAFN":68.900002,
    "USDALL":108.040001,
    "USDAMD":481.109985,
    "USDANG":1.780147,
    "USDAOA":210.184998,
    "USDARS":20.110001,
    "USDAUD":1.280603,
    "USDAWG":1.78,
    "USDAZN":1.699596,
    "USDBAM":1.590099,
    "USDBBD":2,
    "USDBDT":82.860001,
    "USDBGN":1.585803,
    "USDBHD":0.376703,
    "USDBIF":1740,
    "USDBMD":1,
    "USDBND":1.317706,
    "USDBOB":6.860262,
    "USDBRL":3.294404,
    "USDBSD":0.99,
    "USDBTC":0.000108,
    "USDBTN":64.250012,
    "USDBWP":9.582698,
    "USDBYN":1.979997,
    "USDBYR":19600,
    "USDBZD":1.997801,
    "USDCAD":1.26297,
    "USDCDF":1565.508006,
    "USDCHF":0.93642,
    "USDCLF":0.02203,
    "USDCLP":598.549988,
    "USDCNY":6.347899,
    "USDCOP":2915.600098,
    "USDCRC":567.150024,
    "USDCUC":1,
    "USDCUP":26.5,
    "USDCVE":89.540001,
    "USDCZK":20.600201,
    "USDDJF":176.830002,
    "USDDKK":6.04706,
    "USDDOP":48.980026,
    "USDDZD":113.563004,
    "USDEGP":17.65017,
    "USDERN":14.990258,
    "USDETB":27.209999,
    "USDEUR":0.811698,
    "USDFJD":2.022502,
    "USDFKP":0.720798,
    "USDGBP":0.72258,
    "USDGEL":2.432702,
    "USDGGP":0.722615,
    "USDGHS":4.463497,
    "USDGIP":0.720987,
    "USDGMD":46.849998,
    "USDGNF":8995.99965,
    "USDGTQ":7.336017,
    "USDGYD":205.479996,
    "USDHKD":7.82172,
    "USDHNL":23.461009,
    "USDHRK":6.029799,
    "USDHTG":63.2699,
    "USDHUF":253.979996,
    "USDIDR":13624,
    "USDILS":3.537099,
    "USDIMP":0.722615,
    "USDINR":64.182098,
    "USDIQD":1180,
    "USDIRR":37054.000349,
    "USDISK":101.269997,
    "USDJEP":0.722615,
    "USDJMD":124.790001,
    "USDJOD":0.708032,
    "USDJPY":107.269997,
    "USDKES":100.910004,
    "USDKGS":68.194033,
    "USDKHR":3988.899902,
    "USDKMF":401.75003,
    "USDKPW":900.000102,
    "USDKRW":1083.189941,
    "USDKWD":0.299498,
    "USDKYD":0.820149,
    "USDKZT":322.559998,
    "USDLAK":8265.999727,
    "USDLBP":1509.999689,
    "USDLKR":155.497124,
    "USDLRD":125.949997,
    "USDLSL":11.940276,
    "USDLTL":3.048701,
    "USDLVL":0.62055,
    "USDLYD":1.327397,
    "USDMAD":9.196994,
    "USDMDL":16.620001,
    "USDMGA":3150.000266,
    "USDMKD":49.709999,
    "USDMMK":1324.000025,
    "USDMNT":2383.999823,
    "USDMOP":8.051199,
    "USDMRO":349.999882,
    "USDMUR":32.450001,
    "USDMVR":15.57043,
    "USDMWK":713.450012,
    "USDMXN":18.740404,
    "USDMYR":3.913964,
    "USDMZN":61.450001,
    "USDNAD":11.872969,
    "USDNGN":358.999741,
    "USDNIO":30.910142,
    "USDNOK":7.91849,
    "USDNPR":102.503998,
    "USDNZD":1.375301,
    "USDOMR":0.384803,
    "USDPAB":1,
    "USDPEN":3.274301,
    "USDPGK":3.228504,
    "USDPHP":52.200001,
    "USDPKR":110.459999,
    "USDPLN":3.388796,
    "USDPYG":5556.899902,
    "USDQAR":3.641301,
    "USDRON":3.7803,
    "USDRSD":95.288498,
    "USDRUB":57.595798,
    "USDRWF":840,
    "USDSAR":3.750101,
    "USDSBD":7.7645,
    "USDSCR":13.42998,
    "USDSDG":17.953199,
    "USDSEK":8.07183,
    "USDSGD":1.32313,
    "USDSHP":0.720978,
    "USDSLL":7629.999973,
    "USDSOS":563.000257,
    "USDSRD":7.419954,
    "USDSTD":19896,
    "USDSVC":8.749821,
    "USDSYP":514.97998,
    "USDSZL":11.878006,
    "USDTHB":31.459999,
    "USDTJS":8.819201,
    "USDTMT":3.4,
    "USDTND":2.397503,
    "USDTOP":2.212298,
    "USDTRY":3.812798,
    "USDTTD":6.732804,
    "USDTWD":29.302999,
    "USDTZS":2248.000066,
    "USDUAH":26.660027,
    "USDUGX":3626.999531,
    "USDUSD":1,
    "USDUYU":28.799999,
    "USDUZS":8175.000431,
    "USDVEF":24938.000352,
    "USDVND":22699,
    "USDVUV":106.699997,
    "USDWST":2.5215,
    "USDXAF":532.099976,
    "USDXAG":0.060212,
    "USDXAU":0.000751,
    "USDXCD":2.70389,
    "USDXDR":0.689484,
    "USDXOF":532.099976,
    "USDXPF":97.050091,
    "USDYER":249.850006,
    "USDZAR":11.882501,
    "USDZMK":9001.197841,
    "USDZMW":9.749883,
    "USDZWL":322.355011
  }
}